"","Isolate","numOTUs","mixed","contamFlag","kingdom","phylum","class","order","family","genus","species"
"1","1D3",1,FALSE,FALSE,"Bacteria","Proteobacteria","Alphaproteobacteria","Azospirillales","Azospirillaceae","Niveispirillum",NA
"2","100D3",1,FALSE,FALSE,"Bacteria","Proteobacteria","Betaproteobacteria","Burkholderiales","betI","betI_A","betI_A_unclassified"
"3","101D3",1,FALSE,FALSE,"Bacteria","Proteobacteria","Gammaproteobacteria","Betaproteobacteriales","Burkholderiaceae","Burkholderiaceae_unclassified",NA
"4","103D3",1,FALSE,FALSE,"Bacteria","Proteobacteria","Betaproteobacteria","Burkholderiales","betI","betI_A","betI_A_unclassified"
"5","104D3",1,FALSE,FALSE,"Bacteria","Proteobacteria","Betaproteobacteria","Burkholderiales","betI","betI_A","betI_A_unclassified"
"6","106D3",1,FALSE,FALSE,"Bacteria","Proteobacteria","Betaproteobacteria","Burkholderiales","betI","betI_A","betI_A_unclassified"
"7","107D3",1,FALSE,FALSE,"Bacteria","Proteobacteria","Gammaproteobacteria","Pseudomonadales","Pseudomonadaceae","Pseudomonas","Pseudomonas_unclassified"
"8","108D3",1,FALSE,FALSE,"Bacteria","Proteobacteria","Betaproteobacteria","Burkholderiales","betI","betI_A","betI_A_unclassified"
"9","109D3",1,FALSE,FALSE,"Bacteria","Proteobacteria","Betaproteobacteria","Burkholderiales","betI","betI_A","betI_A_unclassified"
"10","11DF",1,FALSE,FALSE,"Bacteria","Proteobacteria","Alphaproteobacteria","Rhizobiales","Beijerinckiaceae","Bosea",NA
"11","110D3",1,FALSE,FALSE,"Bacteria","Proteobacteria","Betaproteobacteria","Burkholderiales","betI","betI_A","betI_A_unclassified"
"12","111D3",1,FALSE,FALSE,"Bacteria","Proteobacteria","Gammaproteobacteria","Pseudomonadales","Pseudomonadaceae","Pseudomonas","Pseudomonas_unclassified"
"13","114D3",1,FALSE,FALSE,"Bacteria","Proteobacteria","Betaproteobacteria","Burkholderiales","betI","betI_A","betI_A_unclassified"
"14","119D3",1,FALSE,FALSE,"Bacteria","Proteobacteria","Betaproteobacteria","Burkholderiales","betI","betI_A","betI_A_unclassified"
"15","120D3",1,FALSE,FALSE,"Bacteria","Bacteroidetes","Flavobacteriia","Flavobacteriales","bacII","bacII_A","Flavo_A3"
"16","122D3",1,FALSE,FALSE,"Bacteria","Proteobacteria","Betaproteobacteria","Burkholderiales","betI","betI_A","betI_A_unclassified"
"17","123D3",1,FALSE,FALSE,"Bacteria","Proteobacteria","Betaproteobacteria","Burkholderiales","betI","betI_A","betI_A_unclassified"
"18","124D3",1,FALSE,FALSE,"Bacteria","Proteobacteria","Betaproteobacteria","Burkholderiales","betI","betI_A","betI_A_unclassified"
"19","125DF",1,FALSE,FALSE,"Bacteria","Proteobacteria","Betaproteobacteria","Burkholderiales","unclassified","unclassified","unclassified"
"20","128D3",1,FALSE,FALSE,"Bacteria","Proteobacteria","Alphaproteobacteria","Caulobacterales","Caulobacteraceae","Caulobacter",NA
"21","129D3",1,FALSE,FALSE,"Bacteria","Proteobacteria","Gammaproteobacteria","Aeromonadales","Aeromonadaceae","Aeromonas",NA
"22","132D3",1,FALSE,FALSE,"Bacteria","Proteobacteria","Betaproteobacteria","Burkholderiales","betI","betI_A","betI_A_unclassified"
"23","133DF",1,FALSE,FALSE,"Bacteria","Proteobacteria","Alphaproteobacteria","Rhizobiales","Rhizobiaceae","Rhizobiaceae_unclassified",NA
"24","134D3",1,FALSE,FALSE,"Bacteria","Proteobacteria","Alphaproteobacteria","Alphaproteobacteria_unclassified","Alphaproteobacteria_unclassified","Alphaproteobacteria_unclassified",NA
"25","142D3",1,FALSE,FALSE,"Bacteria","Proteobacteria","Betaproteobacteria","Burkholderiales","betI","betI_A","betI_A_unclassified"
"26","143D3",1,FALSE,FALSE,"Bacteria","Proteobacteria","Gammaproteobacteria","Betaproteobacteriales","Burkholderiaceae","Burkholderiaceae_unclassified",NA
"27","146D3",1,FALSE,FALSE,"Bacteria","Proteobacteria","Betaproteobacteria","Burkholderiales","betI","betI_A","betI_A_unclassified"
"28","147D3",1,FALSE,FALSE,"Bacteria","Proteobacteria","Betaproteobacteria","Burkholderiales","betI","betI_A","betI_A_unclassified"
"29","148D3",1,FALSE,FALSE,"Bacteria","Proteobacteria","Alphaproteobacteria","Caulobacterales","Caulobacteraceae","Caulobacter",NA
"30","154D3",1,FALSE,FALSE,"Bacteria","Proteobacteria","Betaproteobacteria","Burkholderiales","betI","betI_A","betI_A_unclassified"
"31","159D3",1,FALSE,FALSE,"Bacteria","Proteobacteria","Betaproteobacteria","Burkholderiales","betI","betI_A","betI_A_unclassified"
"32","162D3",1,FALSE,FALSE,"Bacteria","Proteobacteria","Alphaproteobacteria","Azospirillales","Azospirillaceae","Niveispirillum",NA
"33","163D3",1,FALSE,FALSE,"Bacteria","Proteobacteria","Betaproteobacteria","Burkholderiales","betI","betI_A","betI_A_unclassified"
"34","166D3",1,FALSE,FALSE,"Bacteria","Proteobacteria","Alphaproteobacteria","Caulobacterales","Caulobacteraceae","Caulobacter",NA
"35","167D3",1,FALSE,FALSE,"Bacteria","Proteobacteria","Gammaproteobacteria","Aeromonadales","Aeromonadaceae","Aeromonas",NA
"36","169D3",1,FALSE,FALSE,"Bacteria","Proteobacteria","Gammaproteobacteria","Pseudomonadales","Pseudomonadaceae","Pseudomonas","Pseudomonas_unclassified"
"37","17D3",1,FALSE,FALSE,"Bacteria","Proteobacteria","Betaproteobacteria","Burkholderiales","Burkholderiales_unclassified","Burkholderiales_unclassified","Burkholderiales_unclassified"
"38","170D3",1,FALSE,FALSE,"Bacteria","Proteobacteria","Alphaproteobacteria","Azospirillales","Azospirillaceae","Niveispirillum",NA
"39","173D3",1,FALSE,FALSE,"Bacteria","Bacteroidetes","Bacteroidia","Cytophagales","Hymenobacteraceae","Hymenobacter",NA
"40","174D3",1,FALSE,FALSE,"Bacteria","Proteobacteria","Alphaproteobacteria","Sphingomonadales","alfIV","alfIV_unclassified","alfIV_unclassified"
"41","176D3",1,FALSE,FALSE,"Bacteria","Proteobacteria","Alphaproteobacteria","Caulobacterales","Caulobacteraceae","Caulobacter",NA
"42","178D3",1,FALSE,FALSE,"Bacteria","Proteobacteria","Betaproteobacteria","Burkholderiales","betI","betI_A","betI_A_unclassified"
"43","184D3",1,FALSE,FALSE,"Bacteria","Proteobacteria","Betaproteobacteria","Burkholderiales","betI","betI_A","betI_A_unclassified"
"44","185D3",1,FALSE,FALSE,"Bacteria","Proteobacteria","Betaproteobacteria","Burkholderiales","betI","betI_A","betI_A_unclassified"
"45","186D3",1,FALSE,FALSE,"Bacteria","Proteobacteria","Betaproteobacteria","Burkholderiales","betI","betI_A","betI_A_unclassified"
"46","189D3",1,FALSE,FALSE,"Bacteria","Proteobacteria","Betaproteobacteria","Burkholderiales","betI","betI_A","betI_A_unclassified"
"47","191D3",1,FALSE,FALSE,"Bacteria","Proteobacteria","Alphaproteobacteria","Caulobacterales","Caulobacteraceae","Caulobacter",NA
"48","192D3",1,FALSE,FALSE,"Bacteria","Proteobacteria","Betaproteobacteria","Burkholderiales","betI","betI_A","betI_A_unclassified"
"49","193D3",1,FALSE,FALSE,"Bacteria","Proteobacteria","Betaproteobacteria","Burkholderiales","betI","betI_A","betI_A_unclassified"
"50","194D3",1,FALSE,FALSE,"Bacteria","Actinobacteria","Actinobacteria","Micrococcales","Micrococcales_unclassified","Micrococcales_unclassified",NA
"51","196D3",1,FALSE,FALSE,"Bacteria","Proteobacteria","Betaproteobacteria","Burkholderiales","betI","betI_A","betI_A_unclassified"
"52","2D3",1,FALSE,FALSE,"Bacteria","Proteobacteria","Gammaproteobacteria","Betaproteobacteriales","Chromobacteriaceae","Vogesella",NA
"53","20D3",1,FALSE,FALSE,"Bacteria","Bacteroidetes","Flavobacteriia","Flavobacteriales","bacII","bacII_A","Flavo_A3"
"54","202D3",1,FALSE,FALSE,"Bacteria","Proteobacteria","Alphaproteobacteria","Rhizobiales","Rhizobiaceae","Rhizobiaceae_unclassified",NA
"55","206D3",1,FALSE,FALSE,"Bacteria","Proteobacteria","Betaproteobacteria","Burkholderiales","betI","betI_A","betI_A_unclassified"
"56","21D3",1,FALSE,FALSE,"Bacteria","Proteobacteria","Alphaproteobacteria","Caulobacterales","Caulobacteraceae","Caulobacter",NA
"57","210D3",1,FALSE,FALSE,"Bacteria","Proteobacteria","Gammaproteobacteria","Betaproteobacteriales","Chromobacteriaceae","Vogesella",NA
"58","211D3",1,FALSE,FALSE,"Bacteria","Proteobacteria","Betaproteobacteria","Burkholderiales","betI","betI_A","betI_A_unclassified"
"59","215D3",1,FALSE,FALSE,"Bacteria","Proteobacteria","Alphaproteobacteria","Azospirillales","Azospirillaceae","Niveispirillum",NA
"60","217D3",1,FALSE,FALSE,"Bacteria","Proteobacteria","Betaproteobacteria","Burkholderiales","betI","betI_A","betI_A_unclassified"
"61","218D3",1,FALSE,FALSE,"Bacteria","Proteobacteria","Betaproteobacteria","Burkholderiales","betI","betI_A","betI_A_unclassified"
"62","219D3",1,FALSE,FALSE,"Bacteria","Proteobacteria","Betaproteobacteria","Burkholderiales","betI","betI_A","betI_A_unclassified"
"63","22D3",1,FALSE,FALSE,"Bacteria","Proteobacteria","Betaproteobacteria","Burkholderiales","Burkholderiales_unclassified","Burkholderiales_unclassified","Burkholderiales_unclassified"
"64","220D3",1,FALSE,FALSE,"Bacteria","Proteobacteria","Alphaproteobacteria","Azospirillales","Azospirillaceae","Niveispirillum",NA
"65","221D3",1,FALSE,FALSE,"Bacteria","Proteobacteria","Alphaproteobacteria","Caulobacterales","Caulobacteraceae","Caulobacter",NA
"66","222D3",1,FALSE,FALSE,"Bacteria","Proteobacteria","Alphaproteobacteria","Caulobacterales","Caulobacteraceae","Caulobacter",NA
"67","223D3",1,FALSE,FALSE,"Bacteria","Proteobacteria","Betaproteobacteria","Burkholderiales","betI","betI_A","betI_A_unclassified"
"68","224D3",1,FALSE,FALSE,"Bacteria","Proteobacteria","Betaproteobacteria","Burkholderiales","betI","betI_A","betI_A_unclassified"
"69","225D3",1,FALSE,FALSE,"Bacteria","Proteobacteria","Alphaproteobacteria","Azospirillales","Azospirillaceae","Azospirillum",NA
"70","226D3",1,FALSE,FALSE,"Bacteria","Proteobacteria","Betaproteobacteria","Betaproteobacteria_unclassified","Betaproteobacteria_unclassified","Betaproteobacteria_unclassified","Betaproteobacteria_unclassified"
"71","228D3",1,FALSE,FALSE,"Bacteria","Proteobacteria","Gammaproteobacteria","Betaproteobacteriales","Chromobacteriaceae","Vogesella",NA
"72","23D3",1,FALSE,FALSE,"Bacteria","Proteobacteria","Betaproteobacteria","Burkholderiales","Burkholderiales_unclassified","Burkholderiales_unclassified","Burkholderiales_unclassified"
"73","230D3",1,FALSE,FALSE,"Bacteria","Proteobacteria","Alphaproteobacteria","Caulobacterales","Caulobacteraceae","Caulobacter",NA
"74","240D3",1,FALSE,FALSE,"Bacteria","Proteobacteria","Betaproteobacteria","Burkholderiales","betI","betI_A","betI_A_unclassified"
"75","241D3",1,FALSE,FALSE,"Bacteria","Proteobacteria","Alphaproteobacteria","Caulobacterales","Caulobacteraceae","Caulobacter",NA
"76","243D3",1,FALSE,FALSE,"Bacteria","Proteobacteria","Betaproteobacteria","Burkholderiales","betI","betI_A","betI_A_unclassified"
"77","244D3",1,FALSE,FALSE,"Bacteria","Proteobacteria","Betaproteobacteria","Burkholderiales","betI","betI_A","betI_A_unclassified"
"78","246D3",1,FALSE,FALSE,"Bacteria","Proteobacteria","Alphaproteobacteria","Rhizobiales","Rhizobiaceae","Rhizobiaceae_unclassified",NA
"79","247D3",1,FALSE,FALSE,"Bacteria","Proteobacteria","Betaproteobacteria","Burkholderiales","unclassified","unclassified","unclassified"
"80","248D3",1,FALSE,FALSE,"Bacteria","Proteobacteria","Alphaproteobacteria","Azospirillales","Azospirillaceae","Niveispirillum",NA
"81","25D3",1,FALSE,FALSE,"Bacteria","Proteobacteria","Betaproteobacteria","Burkholderiales","betI","betI_A","betI_A_unclassified"
"82","250D3",1,FALSE,FALSE,"Bacteria","Proteobacteria","Betaproteobacteria","Burkholderiales","betI","betI_A","betI_A_unclassified"
"83","26D3",1,FALSE,FALSE,"Bacteria","Proteobacteria","Betaproteobacteria","Burkholderiales","betI","betI_A","betI_A_unclassified"
"84","27D3",1,FALSE,FALSE,"Bacteria","Proteobacteria","Alphaproteobacteria","Caulobacterales","Caulobacteraceae","Caulobacter",NA
"85","28D3",1,FALSE,FALSE,"Bacteria","Proteobacteria","Betaproteobacteria","Burkholderiales","betI","unclassified","unclassified"
"86","29D3",1,FALSE,FALSE,"Bacteria","Proteobacteria","Alphaproteobacteria","Rhizobiales","Rhizobiaceae","Rhizobiaceae_unclassified",NA
"87","3D3",1,FALSE,FALSE,"Bacteria","Proteobacteria","Alphaproteobacteria","Azospirillales","Azospirillaceae","Niveispirillum",NA
"88","30D3",1,FALSE,FALSE,"Bacteria","Bacteroidetes","Flavobacteriia","Flavobacteriales","bacII","bacII_A","Flavo_A3"
"89","31D3",1,FALSE,FALSE,"Bacteria","Proteobacteria","Gammaproteobacteria","Alteromonadales","Alteromonadaceae","Rheinheimera",NA
"90","33D3",1,FALSE,FALSE,"Bacteria","Proteobacteria","Betaproteobacteria","Burkholderiales","betI","betI_A","betI_A_unclassified"
"91","34D3",1,FALSE,FALSE,"Bacteria","Proteobacteria","Betaproteobacteria","Burkholderiales","betI","betI_A","betI_A_unclassified"
"92","34DF",1,FALSE,FALSE,"Bacteria","Proteobacteria","Alphaproteobacteria","Sphingomonadales","Sphingomonadaceae","Porphyrobacter",NA
"93","35D3",1,FALSE,FALSE,"Bacteria","Proteobacteria","Betaproteobacteria","Burkholderiales","betI","betI_A","betI_A_unclassified"
"94","36D3",1,FALSE,FALSE,"Bacteria","Proteobacteria","Betaproteobacteria","Burkholderiales","betI","betI_A","betI_A_unclassified"
"95","38D3",1,FALSE,FALSE,"Bacteria","Proteobacteria","Gammaproteobacteria","Betaproteobacteriales","Chromobacteriaceae","Vogesella",NA
"96","4D3",1,FALSE,FALSE,"Bacteria","Proteobacteria","Gammaproteobacteria","Betaproteobacteriales","Chromobacteriaceae","Vogesella",NA
"97","4DF",1,FALSE,FALSE,"Bacteria","Proteobacteria","Alphaproteobacteria","Acetobacterales","Acetobacteraceae","Roseomonas",NA
"98","40D3",1,FALSE,FALSE,"Bacteria","Bacteria_unclassified","Bacteria_unclassified","Bacteria_unclassified","Bacteria_unclassified","Bacteria_unclassified",NA
"99","42D3",1,FALSE,FALSE,"Bacteria","Proteobacteria","Betaproteobacteria","Burkholderiales","betI","betI_A","betI_A_unclassified"
"100","1D3",1,FALSE,FALSE,"Bacteria","Proteobacteria","Gammaproteobacteria","Betaproteobacteriales","Burkholderiaceae","Burkholderiaceae_unclassified",NA
"101","2D3",1,FALSE,FALSE,"Bacteria","Proteobacteria","Betaproteobacteria","Burkholderiales","betI","betI_A","betI_A_unclassified"
"102","44D3",1,FALSE,FALSE,"Bacteria","Proteobacteria","Betaproteobacteria","Burkholderiales","betI","betI_A","betI_A_unclassified"
"103","45D3",1,FALSE,FALSE,"Bacteria","Proteobacteria","Betaproteobacteria","Burkholderiales","betI","betI_A","betI_A_unclassified"
"104","47D3",1,FALSE,FALSE,"Bacteria","Proteobacteria","Gammaproteobacteria","Pseudomonadales","Pseudomonadaceae","Pseudomonas","Pseudomonas_unclassified"
"105","47DF",1,FALSE,FALSE,"Bacteria","Proteobacteria","Alphaproteobacteria","Rhizobiales","Rhizobiaceae","Rhizobiaceae_unclassified",NA
"106","49D3",1,FALSE,FALSE,"Bacteria","Proteobacteria","Betaproteobacteria","Burkholderiales","betI","betI_A","betI_A_unclassified"
"107","5D3",1,FALSE,FALSE,"Bacteria","Proteobacteria","Gammaproteobacteria","Pseudomonadales","Pseudomonadaceae","Pseudomonas","Pseudomonas_unclassified"
"108","52D3",1,FALSE,FALSE,"Bacteria","Proteobacteria","Gammaproteobacteria","Betaproteobacteriales","Chromobacteriaceae","Vogesella",NA
"109","54D3",1,FALSE,FALSE,"Bacteria","Bacteroidetes","Flavobacteriia","Flavobacteriales","bacII","bacII_A","Flavo_A3"
"110","54DF",1,FALSE,FALSE,"Bacteria","Proteobacteria","Alphaproteobacteria","Rhizobiales","Rhizobiaceae","Rhizobiaceae_unclassified",NA
"111","55DF",1,FALSE,FALSE,"Bacteria","Proteobacteria","Alphaproteobacteria","Rhizobiales","Rhizobiaceae","Rhizobiaceae_unclassified",NA
"112","56DF",1,FALSE,FALSE,"Bacteria","Proteobacteria","Alphaproteobacteria","Rhizobiales","Rhizobiaceae","Rhizobiaceae_unclassified",NA
"113","57DF",1,FALSE,FALSE,"Bacteria","Proteobacteria","Alphaproteobacteria","Rhizobiales","Rhizobiaceae","Rhizobiaceae_unclassified",NA
"114","1D3",1,FALSE,FALSE,"Bacteria","Proteobacteria","Betaproteobacteria","Burkholderiales","betI","betI_A","betI_A_unclassified"
"115","58DF",1,FALSE,FALSE,"Bacteria","Proteobacteria","Alphaproteobacteria","Rhizobiales","Rhizobiaceae","Rhizobiaceae_unclassified",NA
"116","59D3",1,FALSE,FALSE,"Bacteria","Proteobacteria","Betaproteobacteria","Burkholderiales","Burkholderiales_unclassified","Burkholderiales_unclassified","Burkholderiales_unclassified"
"117","59DF",1,FALSE,FALSE,"Bacteria","Proteobacteria","Alphaproteobacteria","Rhizobiales","Rhizobiaceae","Rhizobiaceae_unclassified",NA
"118","6D3",1,FALSE,FALSE,"Bacteria","Proteobacteria","Betaproteobacteria","Burkholderiales","betI","betI_A","betI_A_unclassified"
"119","6DF",1,FALSE,FALSE,"Bacteria","Proteobacteria","Alphaproteobacteria","Caulobacterales","alfII","alfII_A","Brev"
"120","60DF",1,FALSE,FALSE,"Bacteria","Proteobacteria","Alphaproteobacteria","Sphingomonadales","alfIV","alfIV_A","alfIV_A_unclassified"
"121","61D3",1,FALSE,FALSE,"Bacteria","Proteobacteria","Alphaproteobacteria","Caulobacterales","Caulobacteraceae","Asticcacaulis",NA
"122","61DF",1,FALSE,FALSE,"Bacteria","Proteobacteria","Alphaproteobacteria","Rhizobiales","Devosiaceae","Devosiaceae_unclassified",NA
"123","1DF",1,FALSE,FALSE,"Bacteria","Proteobacteria","Alphaproteobacteria","Sphingomonadales","Sphingomonadaceae","Porphyrobacter",NA
"124","62D3",1,FALSE,FALSE,"Bacteria","Proteobacteria","Betaproteobacteria","Burkholderiales","betI","betI_A","betI_A_unclassified"
"125","63D3",1,FALSE,FALSE,"Bacteria","Bacteria_unclassified","Bacteria_unclassified","Bacteria_unclassified","Bacteria_unclassified","Bacteria_unclassified",NA
"126","63DF",1,FALSE,FALSE,"Bacteria","Proteobacteria","Betaproteobacteria","Burkholderiales","unclassified","unclassified","unclassified"
"127","64DF",1,FALSE,FALSE,"Bacteria","Proteobacteria","Alphaproteobacteria","Rhizobiales","Rhizobiaceae","Rhizobiaceae_unclassified",NA
"128","66D3",1,FALSE,FALSE,"Bacteria","Bacteroidetes","Flavobacteriia","Flavobacteriales","bacII","bacII_A","Flavo_A3"
"129","67D3",1,FALSE,FALSE,"Bacteria","Proteobacteria","Alphaproteobacteria","Rhizobiales","Rhizobiaceae","Rhizobiaceae_unclassified",NA
"130","67DF",1,FALSE,FALSE,"Bacteria","Proteobacteria","Alphaproteobacteria","Sphingomonadales","alfIV","alfIV_A","alfIV_A_unclassified"
"131","68D3",1,FALSE,FALSE,"Bacteria","Proteobacteria","Alphaproteobacteria","Rhizobiales","Rhizobiaceae","Rhizobiaceae_unclassified",NA
"132","68DF",1,FALSE,FALSE,"Bacteria","Proteobacteria","Alphaproteobacteria","Rhizobiales","Rhizobiales_Incertae_Sedis","Phreatobacter",NA
"133","69DF",1,FALSE,FALSE,"Bacteria","Proteobacteria","Alphaproteobacteria","Sphingomonadales","alfIV","alfIV_A","alfIV_A_unclassified"
"134","7D3",1,FALSE,FALSE,"Bacteria","Proteobacteria","Betaproteobacteria","Burkholderiales","betI","betI_A","betI_A_unclassified"
"135","7DF",1,FALSE,FALSE,"Bacteria","Actinobacteria","Actinobacteria","Micrococcales","Micrococcaceae","Micrococcus",NA
"136","72D3",1,FALSE,FALSE,"Bacteria","Proteobacteria","Betaproteobacteria","Burkholderiales","Burkholderiales_unclassified","Burkholderiales_unclassified","Burkholderiales_unclassified"
"137","72DF",1,FALSE,FALSE,"Bacteria","Proteobacteria","Alphaproteobacteria","Rhizobiales","Rhizobiaceae","Rhizobiaceae_unclassified",NA
"138","74DF",1,FALSE,FALSE,"Bacteria","Proteobacteria","Betaproteobacteria","Burkholderiales","unclassified","unclassified","unclassified"
"139","75D3",1,FALSE,FALSE,"Bacteria","Proteobacteria","Betaproteobacteria","Burkholderiales","betI","betI_unclassified","betI_unclassified"
"140","77D3",1,FALSE,FALSE,"Bacteria","Proteobacteria","Betaproteobacteria","Burkholderiales","betI","betI_unclassified","betI_unclassified"
"141","78D3",1,FALSE,FALSE,"Bacteria","Proteobacteria","Gammaproteobacteria","Betaproteobacteriales","Chromobacteriaceae","Vogesella",NA
"142","8D3",1,FALSE,FALSE,"Bacteria","Proteobacteria","Betaproteobacteria","Burkholderiales","betI","betI_A","betI_A_unclassified"
"143","8DF",1,FALSE,FALSE,"Bacteria","Proteobacteria","Alphaproteobacteria","Sphingomonadales","Sphingomonadaceae","Porphyrobacter",NA
"144","82D3",1,FALSE,FALSE,"Bacteria","Proteobacteria","Betaproteobacteria","Burkholderiales","betI","betI_unclassified","betI_unclassified"
"145","84D3",1,FALSE,FALSE,"Bacteria","Proteobacteria","Gammaproteobacteria","Pseudomonadales","Pseudomonadaceae","Pseudomonas","Pseudomonas_unclassified"
"146","85D3",1,FALSE,FALSE,"Bacteria","Proteobacteria","Betaproteobacteria","Burkholderiales","betI","betI_A","betI_A_unclassified"
"147","86D3",1,FALSE,FALSE,"Bacteria","Proteobacteria","Betaproteobacteria","Burkholderiales","betI","betI_A","betI_A_unclassified"
"148","87D3",1,FALSE,FALSE,"Bacteria","Proteobacteria","Gammaproteobacteria","Betaproteobacteriales","Chromobacteriaceae","Vogesella",NA
"149","91D3",1,FALSE,FALSE,"Bacteria","Proteobacteria","Betaproteobacteria","Burkholderiales","Burkholderiales_unclassified","Burkholderiales_unclassified","Burkholderiales_unclassified"
"150","98D3",1,FALSE,FALSE,"Bacteria","Proteobacteria","Alphaproteobacteria","Azospirillales","Azospirillaceae","Niveispirillum",NA
"151","99D3",1,FALSE,FALSE,"Bacteria","Proteobacteria","Gammaproteobacteria","Betaproteobacteriales","Betaproteobacteriales_unclassified","Betaproteobacteriales_unclassified",NA
"152","1,1DF",4,TRUE,FALSE,"mixed","mixed","mixed","mixed","mixed","mixed","mixed"
"153","10,1D3",1,FALSE,FALSE,"Bacteria","Proteobacteria","Alphaproteobacteria","Caulobacterales","Caulobacteraceae","Caulobacter",NA
"154","10D3",1,FALSE,FALSE,"Bacteria","Proteobacteria","Alphaproteobacteria","Caulobacterales","Caulobacteraceae","Caulobacter",NA
"155","100DF",1,FALSE,FALSE,"Bacteria","Proteobacteria","Alphaproteobacteria","Acetobacterales","Acetobacteraceae","Roseomonas",NA
"156","101D3",1,FALSE,FALSE,"Bacteria","Proteobacteria","Betaproteobacteria","Burkholderiales","betI","betI_A","betI_A_unclassified"
"157","101DF",1,FALSE,FALSE,"Bacteria","Proteobacteria","Alphaproteobacteria","Rhizobiales","Rhizobiaceae","Rhizobiaceae_unclassified",NA
"158","102DF",1,FALSE,FALSE,"Bacteria","Proteobacteria","Betaproteobacteria","Burkholderiales","unclassified","unclassified","unclassified"
"159","103,1DF",2,TRUE,FALSE,"mixed","mixed","mixed","mixed","mixed","mixed","mixed"
"160","103DF",2,TRUE,FALSE,"mixed","mixed","mixed","mixed","mixed","mixed","mixed"
"161","104DF",1,FALSE,FALSE,"Bacteria","Proteobacteria","Alphaproteobacteria","Rhizobiales","Rhizobiaceae","Rhizobiaceae_unclassified",NA
"162","105D3",2,TRUE,FALSE,"mixed","mixed","mixed","mixed","mixed","mixed","mixed"
"163","106DF",1,FALSE,FALSE,"Bacteria","Proteobacteria","Alphaproteobacteria","Rhizobiales","Rhizobiaceae","Rhizobiaceae_unclassified",NA
"164","107D3",3,TRUE,FALSE,"mixed","mixed","mixed","mixed","mixed","mixed","mixed"
"165","107DF",1,FALSE,FALSE,"Bacteria","Proteobacteria","Alphaproteobacteria","Rhizobiales","Rhizobiaceae","Rhizobiaceae_unclassified",NA
"166","108D3",3,TRUE,FALSE,"mixed","mixed","mixed","mixed","mixed","mixed","mixed"
"167","109DF",1,FALSE,FALSE,"Bacteria","Proteobacteria","Alphaproteobacteria","Caulobacterales","Caulobacteraceae","uncultured",NA
"168","110D3",4,TRUE,FALSE,"mixed","mixed","mixed","mixed","mixed","mixed","mixed"
"169","110DF",1,FALSE,FALSE,"Bacteria","Proteobacteria","Alphaproteobacteria","Rhizobiales","Rhizobiaceae","Rhizobiaceae_unclassified",NA
"170","111,1DF",3,TRUE,FALSE,"mixed","mixed","mixed","mixed","mixed","mixed","mixed"
"171","111,2DF",1,FALSE,FALSE,"Bacteria","Proteobacteria","Alphaproteobacteria","Rhizobiales","Rhizobiaceae","Rhizobiaceae_unclassified",NA
"172","112,1DF",2,TRUE,FALSE,"mixed","mixed","mixed","mixed","mixed","mixed","mixed"
"173","112,2DF",1,FALSE,FALSE,"Bacteria","Proteobacteria","Alphaproteobacteria","Rhizobiales","Rhizobiaceae","Rhizobiaceae_unclassified",NA
"174","113,1DF",1,FALSE,FALSE,"Bacteria","Proteobacteria","Alphaproteobacteria","Rhizobiales","Rhizobiaceae","Rhizobiaceae_unclassified",NA
"175","113,2DF",1,FALSE,FALSE,"Bacteria","Proteobacteria","Alphaproteobacteria","Rhizobiales","Rhizobiaceae","Rhizobiaceae_unclassified",NA
"176","113,3DF",1,FALSE,FALSE,"Bacteria","Proteobacteria","Gammaproteobacteria","Pseudomonadales","Pseudomonadaceae","Pseudomonas","Pseudomonas_unclassified"
"177","113D3",2,TRUE,FALSE,"mixed","mixed","mixed","mixed","mixed","mixed","mixed"
"178","114DF",1,FALSE,FALSE,"Bacteria","Proteobacteria","Gammaproteobacteria","Pseudomonadales","Pseudomonadaceae","Pseudomonas","Pseudomonas_unclassified"
"179","115D3",1,FALSE,FALSE,"Bacteria","Proteobacteria","Gammaproteobacteria","Pseudomonadales","Pseudomonadaceae","Pseudomonas","Pseudomonas_unclassified"
"180","115DF",1,FALSE,FALSE,"Bacteria","Proteobacteria","Alphaproteobacteria","Rhizobiales","Rhizobiaceae","Rhizobiaceae_unclassified",NA
"181","116D3",3,TRUE,FALSE,"mixed","mixed","mixed","mixed","mixed","mixed","mixed"
"182","116DF",2,TRUE,FALSE,"mixed","mixed","mixed","mixed","mixed","mixed","mixed"
"183","117,1DF",1,FALSE,FALSE,"Bacteria","Proteobacteria","Alphaproteobacteria","Rhodobacterales","Rhodobacteraceae","Paracoccus",NA
"184","117D3",1,FALSE,FALSE,"Bacteria","Proteobacteria","Betaproteobacteria","Burkholderiales","betI","betI_A","betI_A_unclassified"
"185","117DF",2,TRUE,FALSE,"mixed","mixed","mixed","mixed","mixed","mixed","mixed"
"186","118D3",2,TRUE,FALSE,"mixed","mixed","mixed","mixed","mixed","mixed","mixed"
"187","118DF",2,TRUE,FALSE,"mixed","mixed","mixed","mixed","mixed","mixed","mixed"
"188","119D3",2,TRUE,FALSE,"mixed","mixed","mixed","mixed","mixed","mixed","mixed"
"189","119DF",1,FALSE,FALSE,"Bacteria","Proteobacteria","Alphaproteobacteria","Rhizobiales","Rhizobiaceae","Rhizobiaceae_unclassified",NA
"190","12,1DF",2,TRUE,FALSE,"mixed","mixed","mixed","mixed","mixed","mixed","mixed"
"191","12D3",1,FALSE,FALSE,"Bacteria","Proteobacteria","Alphaproteobacteria","Caulobacterales","Caulobacteraceae","Caulobacter",NA
"192","120DF",1,FALSE,FALSE,"Bacteria","Proteobacteria","Gammaproteobacteria","Pseudomonadales","Pseudomonadaceae","Pseudomonas","Pseudomonas_unclassified"
"193","121D3",2,TRUE,FALSE,"mixed","mixed","mixed","mixed","mixed","mixed","mixed"
"194","121DF",4,TRUE,FALSE,"mixed","mixed","mixed","mixed","mixed","mixed","mixed"
"195","122DF",1,FALSE,FALSE,"Bacteria","Proteobacteria","Alphaproteobacteria","Rhizobiales","Rhizobiaceae","Rhizobiaceae_unclassified",NA
"196","123DF",1,FALSE,FALSE,"Bacteria","Proteobacteria","Alphaproteobacteria","Caulobacterales","Caulobacteraceae","Caulobacter",NA
"197","124,1DF",1,FALSE,FALSE,"Bacteria","Proteobacteria","Alphaproteobacteria","Rhizobiales","Rhizobiaceae","Rhizobiaceae_unclassified",NA
"198","124,2DF",1,FALSE,FALSE,"Bacteria","Proteobacteria","Alphaproteobacteria","Caulobacterales","Caulobacteraceae","Caulobacter",NA
"199","124,3DF",1,FALSE,FALSE,"Bacteria","Proteobacteria","Alphaproteobacteria","Sphingomonadales","Sphingomonadaceae","Porphyrobacter",NA
"200","124,4DF",1,FALSE,FALSE,"Bacteria","Proteobacteria","Betaproteobacteria","Burkholderiales","betI","betI_A","betI_A_unclassified"
"201","124D3",3,TRUE,FALSE,"mixed","mixed","mixed","mixed","mixed","mixed","mixed"
"202","125D3",2,TRUE,FALSE,"mixed","mixed","mixed","mixed","mixed","mixed","mixed"
"203","126D3",2,TRUE,FALSE,"mixed","mixed","mixed","mixed","mixed","mixed","mixed"
"204","126DF",1,FALSE,FALSE,"Bacteria","Proteobacteria","Alphaproteobacteria","Acetobacterales","Acetobacteraceae","Roseomonas",NA
"205","127,1D3",1,FALSE,FALSE,"Bacteria","Proteobacteria","Betaproteobacteria","Burkholderiales","betI","betI_A","betI_A_unclassified"
"206","127D3",1,FALSE,FALSE,"Bacteria","Proteobacteria","Betaproteobacteria","Burkholderiales","betI","betI_A","betI_A_unclassified"
"207","127DF",2,TRUE,FALSE,"mixed","mixed","mixed","mixed","mixed","mixed","mixed"
"208","128,1DF",1,FALSE,FALSE,"Bacteria","Proteobacteria","Betaproteobacteria","Burkholderiales","unclassified","unclassified","unclassified"
"209","128DF",3,TRUE,FALSE,"mixed","mixed","mixed","mixed","mixed","mixed","mixed"
"210","129DF",1,FALSE,FALSE,"Bacteria","Proteobacteria","Alphaproteobacteria","Sphingomonadales","alfIII","alfIII_A","Sphingo"
"211","13D3",1,FALSE,FALSE,"Bacteria","Proteobacteria","Alphaproteobacteria","Caulobacterales","Caulobacteraceae","Caulobacter",NA
"212","130D3",3,TRUE,FALSE,"mixed","mixed","mixed","mixed","mixed","mixed","mixed"
"213","130DF",1,FALSE,FALSE,"Bacteria","Proteobacteria","Alphaproteobacteria","Sphingomonadales","Sphingomonadaceae","Porphyrobacter",NA
"214","131,1D3",1,FALSE,FALSE,"Bacteria","Proteobacteria","Gammaproteobacteria","Pseudomonadales","gamIV","gamIV_A","Pseudo_A1"
"215","131D3",1,FALSE,FALSE,"Bacteria","Proteobacteria","Alphaproteobacteria","Caulobacterales","Caulobacteraceae","Caulobacter",NA
"216","131DF",1,FALSE,FALSE,"Bacteria","Proteobacteria","Alphaproteobacteria","Rhizobiales","Rhizobiaceae","Rhizobiaceae_unclassified",NA
"217","132,1D3",1,FALSE,FALSE,"Bacteria","Bacteroidetes","Flavobacteriia","Flavobacteriales","bacII","bacII_A","Flavo_A3"
"218","132,1DF",1,FALSE,FALSE,"Bacteria","Proteobacteria","Alphaproteobacteria","Rhizobiales","Rhizobiaceae","Rhizobiaceae_unclassified",NA
"219","132DF",1,FALSE,FALSE,"Bacteria","Proteobacteria","Alphaproteobacteria","Sphingomonadales","alfIII","alfIII_A","Sphingo"
"220","133D3",2,TRUE,FALSE,"mixed","mixed","mixed","mixed","mixed","mixed","mixed"
"221","134DF",1,FALSE,FALSE,"Bacteria","Proteobacteria","Alphaproteobacteria","Caulobacterales","Caulobacteraceae","uncultured",NA
"222","135D3",1,FALSE,FALSE,"Bacteria","Proteobacteria","Gammaproteobacteria","Pseudomonadales","Pseudomonadaceae","Pseudomonas","Pseudomonas_unclassified"
"223","135DF",2,TRUE,FALSE,"mixed","mixed","mixed","mixed","mixed","mixed","mixed"
"224","136,1DF",1,FALSE,FALSE,"Bacteria","Proteobacteria","Alphaproteobacteria","Rhizobiales","Rhizobiaceae","Rhizobiaceae_unclassified",NA
"225","136D3",2,TRUE,FALSE,"mixed","mixed","mixed","mixed","mixed","mixed","mixed"
"226","136DF",1,FALSE,FALSE,"Bacteria","Proteobacteria","Alphaproteobacteria","Rhizobiales","Rhizobiaceae","Rhizobiaceae_unclassified",NA
"227","137D3",1,FALSE,FALSE,"Bacteria","Proteobacteria","Betaproteobacteria","Burkholderiales","betI","betI_A","betI_A_unclassified"
"228","137DF",1,FALSE,FALSE,"Bacteria","Proteobacteria","Alphaproteobacteria","Rhizobiales","Rhizobiaceae","Rhizobiaceae_unclassified",NA
"229","138DF",2,TRUE,FALSE,"mixed","mixed","mixed","mixed","mixed","mixed","mixed"
"230","139D3",1,FALSE,FALSE,"Bacteria","Proteobacteria","Betaproteobacteria","Burkholderiales","betI","betI_A","betI_A_unclassified"
"231","139DF",1,FALSE,FALSE,"Bacteria","Proteobacteria","Alphaproteobacteria","Rhizobiales","Rhizobiaceae","Rhizobiaceae_unclassified",NA
"232","14D3",2,TRUE,FALSE,"mixed","mixed","mixed","mixed","mixed","mixed","mixed"
"233","140,1DF",1,FALSE,FALSE,"Bacteria","Proteobacteria","Alphaproteobacteria","Caulobacterales","Caulobacteraceae","uncultured",NA
"234","140DF",1,FALSE,FALSE,"Bacteria","Proteobacteria","Alphaproteobacteria","Rhizobiales","Rhizobiaceae","Rhizobiaceae_unclassified",NA
"235","141,1DF",1,FALSE,FALSE,"Bacteria","Proteobacteria","Alphaproteobacteria","Rhizobiales","Rhizobiaceae","Rhizobiaceae_unclassified",NA
"236","141D3",1,FALSE,FALSE,"Bacteria","Proteobacteria","Betaproteobacteria","Burkholderiales","betI","betI_A","betI_A_unclassified"
"237","141DF",1,FALSE,FALSE,"Bacteria","Proteobacteria","Alphaproteobacteria","Rhizobiales","Rhizobiaceae","Rhizobiaceae_unclassified",NA
"238","142,1DF",2,TRUE,FALSE,"mixed","mixed","mixed","mixed","mixed","mixed","mixed"
"239","142DF",1,FALSE,FALSE,"Bacteria","Proteobacteria","Alphaproteobacteria","Rhizobiales","Rhizobiaceae","Rhizobiaceae_unclassified",NA
"240","143,1DF",1,FALSE,FALSE,"Bacteria","Proteobacteria","Alphaproteobacteria","Rhizobiales","Rhizobiaceae","Rhizobiaceae_unclassified",NA
"241","143D3",1,FALSE,FALSE,"Bacteria","Proteobacteria","Betaproteobacteria","Burkholderiales","betI","betI_A","betI_A_unclassified"
"242","143DF",2,TRUE,FALSE,"mixed","mixed","mixed","mixed","mixed","mixed","mixed"
"243","144,1DF",1,FALSE,FALSE,"Bacteria","Proteobacteria","Alphaproteobacteria","Rhizobiales","Rhizobiaceae","Rhizobiaceae_unclassified",NA
"244","145DF",2,TRUE,FALSE,"mixed","mixed","mixed","mixed","mixed","mixed","mixed"
"245","146DF",1,FALSE,FALSE,"Bacteria","Proteobacteria","Betaproteobacteria","Burkholderiales","unclassified","unclassified","unclassified"
"246","147DF",2,TRUE,FALSE,"mixed","mixed","mixed","mixed","mixed","mixed","mixed"
"247","148DF",1,FALSE,FALSE,"Bacteria","Proteobacteria","Betaproteobacteria","Burkholderiales","unclassified","unclassified","unclassified"
"248","149D3",1,FALSE,FALSE,"Bacteria","Proteobacteria","Alphaproteobacteria","Caulobacterales","Caulobacteraceae","Caulobacter",NA
"249","149DF",1,FALSE,FALSE,"Bacteria","Proteobacteria","Alphaproteobacteria","Rhizobiales","Rhizobiaceae","Rhizobiaceae_unclassified",NA
"250","15,1DF",2,TRUE,FALSE,"mixed","mixed","mixed","mixed","mixed","mixed","mixed"
"251","15DF",1,FALSE,FALSE,"Bacteria","Proteobacteria","Betaproteobacteria","Burkholderiales","unclassified","unclassified","unclassified"
"252","150,1DF",1,FALSE,FALSE,"Bacteria","Actinobacteria","Actinobacteria","Actinomycetales","acIII","unclassified","unclassified"
"253","150D3",3,TRUE,FALSE,"mixed","mixed","mixed","mixed","mixed","mixed","mixed"
"254","150DF",2,TRUE,FALSE,"mixed","mixed","mixed","mixed","mixed","mixed","mixed"
"255","151DF",1,FALSE,FALSE,"Bacteria","Proteobacteria","Alphaproteobacteria","Rhizobiales","Rhizobiaceae","Rhizobiaceae_unclassified",NA
"256","152D3",1,FALSE,FALSE,"Bacteria","Proteobacteria","Gammaproteobacteria","Pseudomonadales","Pseudomonadaceae","Pseudomonas","Pseudomonas_unclassified"
"257","153D3",1,FALSE,FALSE,"Bacteria","Proteobacteria","Alphaproteobacteria","Rhizobiales","Rhizobiaceae","Rhizobiaceae_unclassified",NA
"258","153DF",1,FALSE,FALSE,"Bacteria","Proteobacteria","Alphaproteobacteria","Rhizobiales","Rhizobiaceae","Rhizobiaceae_unclassified",NA
"259","154DF",1,FALSE,FALSE,"Bacteria","Proteobacteria","Betaproteobacteria","Burkholderiales","unclassified","unclassified","unclassified"
"260","155D3",2,TRUE,FALSE,"mixed","mixed","mixed","mixed","mixed","mixed","mixed"
"261","156D3",1,FALSE,FALSE,"Bacteria","Proteobacteria","Betaproteobacteria","Burkholderiales","betI","betI_A","betI_A_unclassified"
"262","157D3",1,FALSE,FALSE,"Bacteria","Proteobacteria","Alphaproteobacteria","Caulobacterales","Caulobacteraceae","Caulobacter",NA
"263","158D3",1,FALSE,FALSE,"Bacteria","Proteobacteria","Betaproteobacteria","Burkholderiales","betI","betI_A","betI_A_unclassified"
"264","159,1D3",1,FALSE,FALSE,"Bacteria","Proteobacteria","Gammaproteobacteria","Pseudomonadales","Pseudomonadaceae","Pseudomonas","Pseudomonas_unclassified"
"265","16,1DF",1,FALSE,FALSE,"Bacteria","Proteobacteria","Alphaproteobacteria","Rhizobiales","Rhizobiaceae","Rhizobiaceae_unclassified",NA
"266","16,2DF",1,FALSE,FALSE,"Bacteria","Proteobacteria","Alphaproteobacteria","Rhizobiales","Rhizobiaceae","Rhizobiaceae_unclassified",NA
"267","16DF",1,FALSE,FALSE,"Bacteria","Proteobacteria","Alphaproteobacteria","Caulobacterales","Caulobacteraceae","uncultured",NA
"268","160D3",1,FALSE,FALSE,"Bacteria","Proteobacteria","Alphaproteobacteria","Rhizobiales","Rhizobiaceae","Rhizobiaceae_unclassified",NA
"269","161D3",1,FALSE,FALSE,"Bacteria","Proteobacteria","Betaproteobacteria","Burkholderiales","betI","betI_A","betI_A_unclassified"
"270","165D3",2,TRUE,FALSE,"mixed","mixed","mixed","mixed","mixed","mixed","mixed"
"271","168D3",1,FALSE,FALSE,"Bacteria","Proteobacteria","Gammaproteobacteria","Pseudomonadales","Pseudomonadaceae","Pseudomonas","Pseudomonas_unclassified"
"272","171D3",1,FALSE,FALSE,"Bacteria","Proteobacteria","Gammaproteobacteria","Betaproteobacteriales","Chromobacteriaceae","Vogesella",NA
"273","172D3",1,FALSE,FALSE,"Bacteria","Proteobacteria","Gammaproteobacteria","Betaproteobacteriales","Chromobacteriaceae","Vogesella",NA
"274","175D3",1,FALSE,FALSE,"Bacteria","Proteobacteria","Gammaproteobacteria","Pseudomonadales","gamIV","gamIV_A","Pseudo_A1"
"275","177D3",1,FALSE,FALSE,"Bacteria","Proteobacteria","Gammaproteobacteria","Betaproteobacteriales","Chitinimonadaceae","Chitinimonas",NA
"276","179D3",4,TRUE,FALSE,"mixed","mixed","mixed","mixed","mixed","mixed","mixed"
"277","18D3",1,FALSE,FALSE,"Bacteria","Proteobacteria","Gammaproteobacteria","Betaproteobacteriales","Chromobacteriaceae","Chromobacterium",NA
"278","180D3",1,FALSE,FALSE,"Bacteria","Proteobacteria","Gammaproteobacteria","Pseudomonadales","gamIV","gamIV_A","Pseudo_A1"
"279","181D3",1,FALSE,FALSE,"Bacteria","Proteobacteria","Gammaproteobacteria","Pseudomonadales","gamIV","gamIV_A","Pseudo_A1"
"280","182D3",2,TRUE,FALSE,"mixed","mixed","mixed","mixed","mixed","mixed","mixed"
"281","183,1D3",2,TRUE,FALSE,"mixed","mixed","mixed","mixed","mixed","mixed","mixed"
"282","183D3",3,TRUE,FALSE,"mixed","mixed","mixed","mixed","mixed","mixed","mixed"
"283","187D3",2,TRUE,FALSE,"mixed","mixed","mixed","mixed","mixed","mixed","mixed"
"284","188D3",1,FALSE,FALSE,"Bacteria","Proteobacteria","Alphaproteobacteria","Rhizobiales","Rhizobiaceae","Rhizobiaceae_unclassified",NA
"285","190D3",2,TRUE,FALSE,"mixed","mixed","mixed","mixed","mixed","mixed","mixed"
"286","194,1D3",1,FALSE,FALSE,"Bacteria","Proteobacteria","Gammaproteobacteria","Pseudomonadales","Pseudomonadaceae","Pseudomonas","Pseudomonas_unclassified"
"287","197D3",2,TRUE,FALSE,"mixed","mixed","mixed","mixed","mixed","mixed","mixed"
"288","198D3",1,FALSE,FALSE,"Bacteria","Proteobacteria","Gammaproteobacteria","Pseudomonadales","gamIV","gamIV_A","Pseudo_A1"
"289","199,1D3",1,FALSE,FALSE,"Bacteria","Proteobacteria","Gammaproteobacteria","Pseudomonadales","gamIV","gamIV_A","Pseudo_A1"
"290","2DF",2,TRUE,FALSE,"mixed","mixed","mixed","mixed","mixed","mixed","mixed"
"291","20DF",2,TRUE,FALSE,"mixed","mixed","mixed","mixed","mixed","mixed","mixed"
"292","200D3",1,FALSE,FALSE,"Bacteria","Proteobacteria","Gammaproteobacteria","Pseudomonadales","gamIV","gamIV_A","Pseudo_A1"
"293","201D3",2,TRUE,FALSE,"mixed","mixed","mixed","mixed","mixed","mixed","mixed"
"294","202D3",4,TRUE,FALSE,"mixed","mixed","mixed","mixed","mixed","mixed","mixed"
"295","203D3",1,FALSE,FALSE,"Bacteria","Proteobacteria","Alphaproteobacteria","Azospirillales","Azospirillaceae","Niveispirillum",NA
"296","204D3",1,FALSE,FALSE,"Bacteria","Proteobacteria","Alphaproteobacteria","Rhizobiales","Rhizobiaceae","Rhizobiaceae_unclassified",NA
"297","205D3",2,TRUE,FALSE,"mixed","mixed","mixed","mixed","mixed","mixed","mixed"
"298","207D3",2,TRUE,FALSE,"mixed","mixed","mixed","mixed","mixed","mixed","mixed"
"299","208D3",1,FALSE,FALSE,"Bacteria","Proteobacteria","Gammaproteobacteria","Pseudomonadales","Pseudomonadaceae","Pseudomonas","Pseudomonas_unclassified"
"300","209D3",2,TRUE,FALSE,"mixed","mixed","mixed","mixed","mixed","mixed","mixed"
"301","21,1D3",2,TRUE,FALSE,"mixed","mixed","mixed","mixed","mixed","mixed","mixed"
"302","213D3",1,FALSE,FALSE,"Bacteria","Proteobacteria","Gammaproteobacteria","Betaproteobacteriales","Chromobacteriaceae","Vogesella",NA
"303","214D3",1,FALSE,FALSE,"Bacteria","Proteobacteria","Gammaproteobacteria","Pseudomonadales","Pseudomonadaceae","Pseudomonas","Pseudomonas_unclassified"
"304","217D3",3,TRUE,FALSE,"mixed","mixed","mixed","mixed","mixed","mixed","mixed"
"305","229D3",1,FALSE,FALSE,"Bacteria","Proteobacteria","Gammaproteobacteria","Pseudomonadales","gamIV","gamIV_A","Pseudo_A1"
"306","23,1DF",2,TRUE,FALSE,"mixed","mixed","mixed","mixed","mixed","mixed","mixed"
"307","231D3",1,FALSE,FALSE,"Bacteria","Proteobacteria","Gammaproteobacteria","Pseudomonadales","Pseudomonadaceae","Pseudomonas","Pseudomonas_unclassified"
"308","232D3",1,FALSE,FALSE,"Bacteria","Proteobacteria","Gammaproteobacteria","Pseudomonadales","Pseudomonadaceae","Pseudomonas","Pseudomonas_unclassified"
"309","233D3",1,FALSE,FALSE,"Bacteria","Proteobacteria","Gammaproteobacteria","Pseudomonadales","Pseudomonadaceae","Pseudomonas","Pseudomonas_unclassified"
"310","234D3",1,FALSE,FALSE,"Bacteria","Proteobacteria","Gammaproteobacteria","Alteromonadales","Alteromonadaceae","Rheinheimera",NA
"311","235D3",2,TRUE,FALSE,"mixed","mixed","mixed","mixed","mixed","mixed","mixed"
"312","236D3",3,TRUE,FALSE,"mixed","mixed","mixed","mixed","mixed","mixed","mixed"
"313","237D3",1,FALSE,FALSE,"Bacteria","Proteobacteria","Gammaproteobacteria","Pseudomonadales","Pseudomonadaceae","Pseudomonas","Pseudomonas_unclassified"
"314","238D3",1,FALSE,FALSE,"Bacteria","Proteobacteria","Gammaproteobacteria","Pseudomonadales","Pseudomonadaceae","Pseudomonas","Pseudomonas_unclassified"
"315","239D3",2,TRUE,FALSE,"mixed","mixed","mixed","mixed","mixed","mixed","mixed"
"316","24D3",1,FALSE,FALSE,"Bacteria","Proteobacteria","Betaproteobacteria","Burkholderiales","betI","betI_A","betI_A_unclassified"
"317","24DF",2,TRUE,FALSE,"mixed","mixed","mixed","mixed","mixed","mixed","mixed"
"318","245D3",3,TRUE,FALSE,"mixed","mixed","mixed","mixed","mixed","mixed","mixed"
"319","25,1DF",1,FALSE,FALSE,"Bacteria","Firmicutes","Bacilli","Bacillales","Staphylococcaceae","Staphylococcus",NA
"320","26,1D3",2,TRUE,FALSE,"mixed","mixed","mixed","mixed","mixed","mixed","mixed"
"321","3DF",1,FALSE,FALSE,"Bacteria","Proteobacteria","Betaproteobacteria","Burkholderiales","unclassified","unclassified","unclassified"
"322","31DF",2,TRUE,FALSE,"mixed","mixed","mixed","mixed","mixed","mixed","mixed"
"323","32D3",3,TRUE,FALSE,"mixed","mixed","mixed","mixed","mixed","mixed","mixed"
"324","32DF",2,TRUE,FALSE,"mixed","mixed","mixed","mixed","mixed","mixed","mixed"
"325","34,1D3",3,TRUE,FALSE,"mixed","mixed","mixed","mixed","mixed","mixed","mixed"
"326","34D3",3,TRUE,FALSE,"mixed","mixed","mixed","mixed","mixed","mixed","mixed"
"327","35DF",1,FALSE,FALSE,"Bacteria","Proteobacteria","Betaproteobacteria","Burkholderiales","unclassified","unclassified","unclassified"
"328","36,1D3",2,TRUE,FALSE,"mixed","mixed","mixed","mixed","mixed","mixed","mixed"
"329","37DF",2,TRUE,FALSE,"mixed","mixed","mixed","mixed","mixed","mixed","mixed"
"330","38DF",4,TRUE,FALSE,"mixed","mixed","mixed","mixed","mixed","mixed","mixed"
"331","39D3",3,TRUE,FALSE,"mixed","mixed","mixed","mixed","mixed","mixed","mixed"
"332","4,1D3",1,FALSE,FALSE,"Bacteria","Proteobacteria","Betaproteobacteria","Burkholderiales","betI","betI_A","betI_A_unclassified"
"333","4,1DF",1,FALSE,FALSE,"Bacteria","Proteobacteria","Alphaproteobacteria","Sphingomonadales","Sphingomonadaceae","Porphyrobacter",NA
"334","40,1DF",1,FALSE,FALSE,"Bacteria","Proteobacteria","Alphaproteobacteria","Caulobacterales","Caulobacteraceae","Caulobacter",NA
"335","40D3",2,TRUE,FALSE,"mixed","mixed","mixed","mixed","mixed","mixed","mixed"
"336","40DF",1,FALSE,FALSE,"Bacteria","Proteobacteria","Alphaproteobacteria","Caulobacterales","alfII","alfII_A","Brev"
"337","41DF",5,TRUE,FALSE,"mixed","mixed","mixed","mixed","mixed","mixed","mixed"
"338","42DF",1,FALSE,FALSE,"Bacteria","Proteobacteria","Alphaproteobacteria","Rhizobiales","Rhizobiaceae","Rhizobiaceae_unclassified",NA
"339","43DF",1,FALSE,FALSE,"Bacteria","Proteobacteria","Alphaproteobacteria","Caulobacterales","alfII","alfII_A","Brev"
"340","44DF",1,FALSE,FALSE,"Bacteria","Proteobacteria","Alphaproteobacteria","Rhizobiales","Rhizobiales_Incertae_Sedis","Phreatobacter",NA
"341","45,1DF",1,FALSE,FALSE,"Bacteria","Proteobacteria","Alphaproteobacteria","Rhizobiales","Rhizobiaceae","Rhizobiaceae_unclassified",NA
"342","45,2DF",1,FALSE,FALSE,"Bacteria","Proteobacteria","Alphaproteobacteria","Rhizobiales","Rhizobiaceae","Rhizobiaceae_unclassified",NA
"343","45DF",1,FALSE,FALSE,"Bacteria","Proteobacteria","Alphaproteobacteria","Caulobacterales","Caulobacteraceae","uncultured",NA
"344","46,1DF",3,TRUE,FALSE,"mixed","mixed","mixed","mixed","mixed","mixed","mixed"
"345","46D3",1,FALSE,FALSE,"Bacteria","Proteobacteria","Alphaproteobacteria","Rhizobiales","Rhizobiaceae","Rhizobiaceae_unclassified",NA
"346","46DF",6,TRUE,FALSE,"mixed","mixed","mixed","mixed","mixed","mixed","mixed"
"347","48DF",4,TRUE,FALSE,"mixed","mixed","mixed","mixed","mixed","mixed","mixed"
"348","49DF",1,FALSE,FALSE,"Bacteria","Proteobacteria","Alphaproteobacteria","Rhizobiales","Rhizobiaceae","Rhizobiaceae_unclassified",NA
"349","50DF",3,TRUE,FALSE,"mixed","mixed","mixed","mixed","mixed","mixed","mixed"
"350","51DF",1,FALSE,FALSE,"Bacteria","Proteobacteria","Alphaproteobacteria","Rhizobiales","Rhizobiaceae","Rhizobiaceae_unclassified",NA
"351","52,1DF",2,TRUE,FALSE,"mixed","mixed","mixed","mixed","mixed","mixed","mixed"
"352","52,2DF",1,FALSE,FALSE,"Bacteria","Proteobacteria","Alphaproteobacteria","Rhizobiales","Rhizobiaceae","Rhizobiaceae_unclassified",NA
"353","52DF",1,FALSE,FALSE,"Bacteria","Proteobacteria","Alphaproteobacteria","Rhizobiales","Rhizobiaceae","Rhizobiaceae_unclassified",NA
"354","53D3",1,FALSE,FALSE,"Bacteria","Proteobacteria","Alphaproteobacteria","Caulobacterales","Caulobacteraceae","Caulobacter",NA
"355","53DF",1,FALSE,FALSE,"Bacteria","Proteobacteria","Alphaproteobacteria","Rhizobiales","Rhizobiaceae","Rhizobiaceae_unclassified",NA
"356","54,1D3",1,FALSE,FALSE,"Bacteria","Proteobacteria","Gammaproteobacteria","Pseudomonadales","Pseudomonadaceae","Pseudomonas","Pseudomonas_unclassified"
"357","56D3",1,FALSE,FALSE,"Bacteria","Proteobacteria","Gammaproteobacteria","Betaproteobacteriales","Chromobacteriaceae","Vogesella",NA
"358","57,1DF",5,TRUE,FALSE,"mixed","mixed","mixed","mixed","mixed","mixed","mixed"
"359","57D3",2,TRUE,FALSE,"mixed","mixed","mixed","mixed","mixed","mixed","mixed"
"360","57DF",1,FALSE,FALSE,"Bacteria","Proteobacteria","Alphaproteobacteria","Sphingomonadales","alfIV","alfIV_A","alfIV_A_unclassified"
"361","58,2D3",1,FALSE,FALSE,"Bacteria","Proteobacteria","Betaproteobacteria","Burkholderiales","betI","betI_A","betI_A_unclassified"
"362","58,2DF",3,TRUE,FALSE,"mixed","mixed","mixed","mixed","mixed","mixed","mixed"
"363","60,1DF",2,TRUE,FALSE,"mixed","mixed","mixed","mixed","mixed","mixed","mixed"
"364","62,1D3",2,TRUE,FALSE,"mixed","mixed","mixed","mixed","mixed","mixed","mixed"
"365","63D3",5,TRUE,FALSE,"mixed","mixed","mixed","mixed","mixed","mixed","mixed"
"366","64D3",3,TRUE,FALSE,"mixed","mixed","mixed","mixed","mixed","mixed","mixed"
"367","65,1D3",1,FALSE,FALSE,"Bacteria","Bacteroidetes","Flavobacteriia","Flavobacteriales","bacII","bacII_A","Flavo_A3"
"368","65D3",2,TRUE,FALSE,"mixed","mixed","mixed","mixed","mixed","mixed","mixed"
"369","65DF",1,FALSE,FALSE,"Bacteria","Proteobacteria","Alphaproteobacteria","Rhizobiales","Rhizobiaceae","Rhizobiaceae_unclassified",NA
"370","66D3",2,TRUE,FALSE,"mixed","mixed","mixed","mixed","mixed","mixed","mixed"
"371","66DF",1,FALSE,FALSE,"Bacteria","Proteobacteria","Alphaproteobacteria","Rhizobiales","Rhizobiaceae","Rhizobiaceae_unclassified",NA
"372","69D3",1,FALSE,FALSE,"Bacteria","Proteobacteria","Gammaproteobacteria","Pseudomonadales","Pseudomonadaceae","Pseudomonas","Pseudomonas_unclassified"
"373","70DF",1,FALSE,FALSE,"Bacteria","Proteobacteria","Gammaproteobacteria","Pseudomonadales","Pseudomonadaceae","Pseudomonas","Pseudomonas_unclassified"
"374","71DF",1,FALSE,FALSE,"Bacteria","Proteobacteria","Gammaproteobacteria","Pseudomonadales","Pseudomonadaceae","Pseudomonas","Pseudomonas_unclassified"
"375","73DF",1,FALSE,FALSE,"Bacteria","Proteobacteria","Gammaproteobacteria","Pseudomonadales","Pseudomonadaceae","Pseudomonas","Pseudomonas_unclassified"
"376","75DF",1,FALSE,FALSE,"Bacteria","Proteobacteria","Betaproteobacteria","Burkholderiales","unclassified","unclassified","unclassified"
"377","76D3",2,TRUE,FALSE,"mixed","mixed","mixed","mixed","mixed","mixed","mixed"
"378","76DF",5,TRUE,FALSE,"mixed","mixed","mixed","mixed","mixed","mixed","mixed"
"379","77D3",1,FALSE,FALSE,"Bacteria","Proteobacteria","Betaproteobacteria","Burkholderiales","betI","betI_A","betI_A_unclassified"
"380","77DF",1,FALSE,FALSE,"Bacteria","Proteobacteria","Alphaproteobacteria","Rhizobiales","Rhizobiaceae","Rhizobiaceae_unclassified",NA
"381","78DF",1,FALSE,FALSE,"Bacteria","Proteobacteria","Alphaproteobacteria","Sphingomonadales","alfIV","alfIV_A","alfIV_A_unclassified"
"382","79,1DF",1,FALSE,FALSE,"Bacteria","Proteobacteria","Betaproteobacteria","Burkholderiales","unclassified","unclassified","unclassified"
"383","79DF",1,FALSE,FALSE,"Bacteria","Proteobacteria","Alphaproteobacteria","Acetobacterales","Acetobacteraceae","Roseomonas",NA
"384","8,1D3",4,TRUE,FALSE,"mixed","mixed","mixed","mixed","mixed","mixed","mixed"
"385","80D3",2,TRUE,FALSE,"mixed","mixed","mixed","mixed","mixed","mixed","mixed"
"386","80DF",1,FALSE,FALSE,"Bacteria","Proteobacteria","Gammaproteobacteria","Pseudomonadales","Pseudomonadaceae","Pseudomonas","Pseudomonas_unclassified"
"387","81D3",3,TRUE,FALSE,"mixed","mixed","mixed","mixed","mixed","mixed","mixed"
"388","81DF",1,FALSE,FALSE,"Bacteria","Proteobacteria","Gammaproteobacteria","Pseudomonadales","Pseudomonadaceae","Pseudomonas","Pseudomonas_unclassified"
"389","82DF",1,FALSE,FALSE,"Bacteria","Proteobacteria","Alphaproteobacteria","Sphingomonadales","Sphingomonadaceae","Porphyrobacter",NA
"390","83D3",1,FALSE,FALSE,"Bacteria","Proteobacteria","Gammaproteobacteria","Betaproteobacteriales","Chromobacteriaceae","Vogesella",NA
"391","83DF",1,FALSE,FALSE,"Bacteria","Proteobacteria","Alphaproteobacteria","Caulobacterales","Caulobacteraceae","Caulobacter",NA
"392","84DF",1,FALSE,FALSE,"Bacteria","Proteobacteria","Alphaproteobacteria","Rhizobiales","Rhizobiaceae","Rhizobiaceae_unclassified",NA
"393","85DF",2,TRUE,FALSE,"mixed","mixed","mixed","mixed","mixed","mixed","mixed"
"394","86DF",1,FALSE,FALSE,"Bacteria","Proteobacteria","Alphaproteobacteria","Rhizobiales","Rhizobiaceae","Rhizobiaceae_unclassified",NA
"395","87DF",4,TRUE,FALSE,"mixed","mixed","mixed","mixed","mixed","mixed","mixed"
"396","88D3",2,TRUE,FALSE,"mixed","mixed","mixed","mixed","mixed","mixed","mixed"
"397","88DF",1,FALSE,FALSE,"Bacteria","Proteobacteria","Gammaproteobacteria","Pseudomonadales","Pseudomonadaceae","Pseudomonas","Pseudomonas_unclassified"
"398","89D3",2,TRUE,FALSE,"mixed","mixed","mixed","mixed","mixed","mixed","mixed"
"399","89DF",1,FALSE,FALSE,"Bacteria","Proteobacteria","Alphaproteobacteria","Rhizobiales","Rhizobiaceae","Rhizobiaceae_unclassified",NA
"400","9,1DF",4,TRUE,FALSE,"mixed","mixed","mixed","mixed","mixed","mixed","mixed"
"401","9,2DF",2,TRUE,FALSE,"mixed","mixed","mixed","mixed","mixed","mixed","mixed"
"402","9D3",1,FALSE,FALSE,"Bacteria","Proteobacteria","Betaproteobacteria","Burkholderiales","betI","betI_A","betI_A_unclassified"
"403","9DF",1,FALSE,FALSE,"Bacteria","Proteobacteria","Alphaproteobacteria","Rhizobiales","Rhizobiaceae","Rhizobiaceae_unclassified",NA
"404","90D3",4,TRUE,FALSE,"mixed","mixed","mixed","mixed","mixed","mixed","mixed"
"405","90DF",1,FALSE,FALSE,"Bacteria","Proteobacteria","Alphaproteobacteria","Caulobacterales","Caulobacteraceae","Caulobacter",NA
"406","91DF",1,FALSE,FALSE,"Bacteria","Proteobacteria","Gammaproteobacteria","Pseudomonadales","Pseudomonadaceae","Pseudomonas","Pseudomonas_unclassified"
"407","92D3",4,TRUE,FALSE,"mixed","mixed","mixed","mixed","mixed","mixed","mixed"
"408","92DF",1,FALSE,FALSE,"Bacteria","Proteobacteria","Alphaproteobacteria","Rhizobiales","Rhizobiaceae","Rhizobiaceae_unclassified",NA
"409","93D3",2,TRUE,FALSE,"mixed","mixed","mixed","mixed","mixed","mixed","mixed"
"410","93DF",1,FALSE,FALSE,"Bacteria","Proteobacteria","Gammaproteobacteria","Pseudomonadales","Pseudomonadaceae","Pseudomonas","Pseudomonas_unclassified"
"411","94D3",3,TRUE,FALSE,"mixed","mixed","mixed","mixed","mixed","mixed","mixed"
"412","94DF",2,TRUE,FALSE,"mixed","mixed","mixed","mixed","mixed","mixed","mixed"
"413","95DF",1,FALSE,FALSE,"Bacteria","Proteobacteria","Alphaproteobacteria","Sphingomonadales","Sphingomonadaceae","Porphyrobacter",NA
"414","96DF",1,FALSE,FALSE,"Bacteria","Proteobacteria","Alphaproteobacteria","Acetobacterales","Acetobacteraceae","Roseomonas",NA
"415","97DF",1,FALSE,FALSE,"Bacteria","Proteobacteria","Gammaproteobacteria","Pseudomonadales","Pseudomonadaceae","Pseudomonas","Pseudomonas_unclassified"
"416","98DF",3,TRUE,FALSE,"mixed","mixed","mixed","mixed","mixed","mixed","mixed"
"417","99D3",2,TRUE,FALSE,"mixed","mixed","mixed","mixed","mixed","mixed","mixed"
"418","99DF",3,TRUE,FALSE,"mixed","mixed","mixed","mixed","mixed","mixed","mixed"
"419","10DF",1,FALSE,FALSE,"Bacteria","Bacteroidetes","Bacteroidia","Cytophagales","Spirosomaceae","Emticicia",NA
"420","10DF",1,FALSE,FALSE,"Bacteria","Proteobacteria","Betaproteobacteria","Burkholderiales","unclassified","unclassified","unclassified"
"421","12DF",1,FALSE,FALSE,"Bacteria","Proteobacteria","Alphaproteobacteria","Rhizobiales","Rhizobiaceae","Rhizobiaceae_unclassified",NA
"422","13DF",1,FALSE,FALSE,"Bacteria","Proteobacteria","Alphaproteobacteria","Caulobacterales","Caulobacteraceae","uncultured",NA
"423","16DF",1,FALSE,FALSE,"Bacteria","Proteobacteria","Alphaproteobacteria","Rhizobiales","Rhizobiaceae","Rhizobiaceae_unclassified",NA
"424","17DF",1,FALSE,FALSE,"Bacteria","Proteobacteria","Alphaproteobacteria","Rhizobiales","Rhizobiaceae","Rhizobiaceae_unclassified",NA
"425","18DF",1,FALSE,FALSE,"Bacteria","Proteobacteria","Alphaproteobacteria","Acetobacterales","Acetobacteraceae","Roseomonas",NA
"426","19DF",1,FALSE,FALSE,"Bacteria","Proteobacteria","Alphaproteobacteria","Acetobacterales","Acetobacteraceae","Roseomonas",NA
"427","2DF",1,FALSE,FALSE,"Bacteria","Proteobacteria","Betaproteobacteria","Burkholderiales","unclassified","unclassified","unclassified"
"428","20DF",1,FALSE,FALSE,"Bacteria","Proteobacteria","Betaproteobacteria","Burkholderiales","unclassified","unclassified","unclassified"
"429","21DF",1,FALSE,FALSE,"Bacteria","Proteobacteria","Alphaproteobacteria","Rhizobiales","Rhizobiaceae","Rhizobiaceae_unclassified",NA
"430","22DF",1,FALSE,FALSE,"Bacteria","Proteobacteria","Alphaproteobacteria","Rhizobiales","Rhizobiaceae","Rhizobiaceae_unclassified",NA
"431","23DF",1,FALSE,FALSE,"Bacteria","Proteobacteria","Alphaproteobacteria","Acetobacterales","Acetobacteraceae","Roseomonas",NA
"432","24DF",1,FALSE,FALSE,"Bacteria","Proteobacteria","Alphaproteobacteria","Sphingomonadales","alfIV","alfIV_A","alfIV_A_unclassified"
"433","25DF",1,FALSE,FALSE,"Bacteria","Firmicutes","Bacilli","Bacillales","Staphylococcaceae","Staphylococcus",NA
"434","26DF",1,FALSE,FALSE,"Bacteria","Proteobacteria","Alphaproteobacteria","Caulobacterales","alfII","alfII_A","Brev"
"435","27DF",1,FALSE,FALSE,"Bacteria","Proteobacteria","Alphaproteobacteria","Rhizobiales","Rhizobiaceae","Rhizobiaceae_unclassified",NA
"436","28DF",1,FALSE,FALSE,"Bacteria","Proteobacteria","Alphaproteobacteria","Rhizobiales","Rhizobiaceae","Rhizobiaceae_unclassified",NA
"437","29DF",1,FALSE,FALSE,"Bacteria","Proteobacteria","Alphaproteobacteria","Rhizobiales","Rhizobiaceae","Rhizobiaceae_unclassified",NA
"438","30DF",1,FALSE,FALSE,"Bacteria","Proteobacteria","Alphaproteobacteria","Rhizobiales","Rhizobiaceae","Rhizobiaceae_unclassified",NA
"439","30DF",2,TRUE,FALSE,"mixed","mixed","mixed","mixed","mixed","mixed","mixed"
"440","31DF",1,FALSE,FALSE,"Bacteria","Proteobacteria","Betaproteobacteria","Burkholderiales","unclassified","unclassified","unclassified"
"441","32DF",1,FALSE,FALSE,"Bacteria","Proteobacteria","Betaproteobacteria","Burkholderiales","unclassified","unclassified","unclassified"
"442","33DF",1,FALSE,FALSE,"Bacteria","Proteobacteria","Alphaproteobacteria","Rhizobiales","Rhizobiaceae","Rhizobiaceae_unclassified",NA
"443","5DF",1,FALSE,FALSE,"Bacteria","Proteobacteria","Alphaproteobacteria","Rhizobiales","Rhizobiaceae","Rhizobiaceae_unclassified",NA
"444","9DF",1,FALSE,FALSE,"Bacteria","Proteobacteria","Alphaproteobacteria","Sphingomonadales","Sphingomonadaceae","Porphyrobacter",NA
