"","Isolate","host_species","plate_no","pCC_greater","pCC_less","pGR_greater","pGR_less","ccEffect","grEffect","annotation"
"1","1,1DF","chlorella",1,0.000505055009495885,0.999494944990504,0.215150908813667,0.784849091186333,"Increased CC","No Significant GR Change","Increased CC
No Significant GR Change"
"2","100D3","scenedesmus",10,0.00111926948015299,0.998880730519847,0.0599708574335883,0.940029142566412,"Increased CC","No Significant GR Change","Increased CC
No Significant GR Change"
"3","100DF","monoraphidium",17,0.630393085869662,0.369606914130338,0.215895320231736,0.784104679768264,"No Significant CC Change","No Significant GR Change","No Significant CC Change
No Significant GR Change"
"4","101D3","scenedesmus",10,0.212905089398307,0.787094910601692,0.741356282954804,0.258643717045196,"No Significant CC Change","No Significant GR Change","No Significant CC Change
No Significant GR Change"
"5","101DF","monoraphidium",18,0.14765543429717,0.85234456570283,0.0307825287979992,0.969217471202001,"No Significant CC Change","Increased GR","No Significant CC Change
Increased GR"
"6","102D3","scenedesmus",10,0.041042093723133,0.958957906276867,0.180714517897789,0.819285482102211,"Increased CC","No Significant GR Change","Increased CC
No Significant GR Change"
"7","102DF","monoraphidium",16,0.079331899596501,0.920668100403499,0.974389424408452,0.0256105755915478,"No Significant CC Change","Decreased GR","No Significant CC Change
Decreased GR"
"8","103,1DF","monoraphidium",18,0.00713361936380994,0.99286638063619,0.979781227926794,0.0202187720732056,"Increased CC","Decreased GR","Increased CC
Decreased GR"
"9","103D3","scenedesmus",10,0.523178348090635,0.476821651909365,0.208880463370177,0.791119536629823,"No Significant CC Change","No Significant GR Change","No Significant CC Change
No Significant GR Change"
"10","103DF","monoraphidium",17,0.874604018243279,0.125395981756721,0.0371088729373967,0.962891127062603,"No Significant CC Change","Increased GR","No Significant CC Change
Increased GR"
"11","104D3","scenedesmus",10,0.0340177944082249,0.965982205591775,0.272033124851953,0.727966875148047,"Increased CC","No Significant GR Change","Increased CC
No Significant GR Change"
"12","104DF","monoraphidium",17,0.168541780050776,0.831458219949224,0.419964590711505,0.580035409288495,"No Significant CC Change","No Significant GR Change","No Significant CC Change
No Significant GR Change"
"13","106D3","scenedesmus",10,0.000328944110388244,0.999671055889612,0.0241622133729056,0.975837786627094,"Increased CC","Increased GR","Increased CC
Increased GR"
"14","106DF","monoraphidium",19,0.0273874503833556,0.972612549616644,0.555356527231374,0.444643472768626,"Increased CC","No Significant GR Change","Increased CC
No Significant GR Change"
"15","107D3","scenedesmus",12,0.0820259593369261,0.917974040663074,0.0372280833234017,0.962771916676598,"No Significant CC Change","Increased GR","No Significant CC Change
Increased GR"
"16","107DF","monoraphidium",18,3.83334585719078e-05,0.999961666541428,0.93278962448887,0.0672103755111304,"Increased CC","No Significant GR Change","Increased CC
No Significant GR Change"
"17","108D3","scenedesmus",12,0.0840277001184725,0.915972299881527,0.00171683807912975,0.99828316192087,"No Significant CC Change","Increased GR","No Significant CC Change
Increased GR"
"18","108DF","monoraphidium",17,0.202710722534588,0.797289277465412,0.72890327910731,0.27109672089269,"No Significant CC Change","No Significant GR Change","No Significant CC Change
No Significant GR Change"
"19","109D3","scenedesmus",12,0.169911434630072,0.830088565369928,0.215723046159584,0.784276953840416,"No Significant CC Change","No Significant GR Change","No Significant CC Change
No Significant GR Change"
"20","109DF","monoraphidium",16,0.167860675344229,0.832139324655771,0.995006458701294,0.00499354129870642,"No Significant CC Change","Decreased GR","No Significant CC Change
Decreased GR"
"21","10DF","chlorella",1,0.00191521953507247,0.998084780464928,0.00439079624322421,0.995609203756776,"Increased CC","Increased GR","Increased CC
Increased GR"
"22","110D3","scenedesmus",12,0.109486378838372,0.890513621161628,0.0126259745275716,0.987374025472428,"No Significant CC Change","Increased GR","No Significant CC Change
Increased GR"
"23","110DF","monoraphidium",20,0.00519905154416384,0.994800948455836,0.999838394301601,0.000161605698399006,"Increased CC","Decreased GR","Increased CC
Decreased GR"
"24","111,1DF","monoraphidium",16,0.00471068807573506,0.995289311924265,0.947322317368795,0.0526776826312053,"Increased CC","No Significant GR Change","Increased CC
No Significant GR Change"
"25","111,2DF","monoraphidium",18,0.687425471990149,0.312574528009851,0.00704944805852289,0.992950551941477,"No Significant CC Change","Increased GR","No Significant CC Change
Increased GR"
"26","111D3","scenedesmus",12,0.243977119079057,0.756022880920943,0.0115278483600043,0.988472151639996,"No Significant CC Change","Increased GR","No Significant CC Change
Increased GR"
"27","112,1DF","monoraphidium",18,0.0151357430786951,0.984864256921305,0.982768290090269,0.0172317099097312,"Increased CC","Decreased GR","Increased CC
Decreased GR"
"28","112,2DF","monoraphidium",19,0.028460574589025,0.971539425410975,0.993731605820105,0.00626839417989529,"Increased CC","Decreased GR","Increased CC
Decreased GR"
"29","112D3","scenedesmus",12,0.501885609389241,0.498114390610759,0.000393665711206854,0.999606334288793,"No Significant CC Change","Increased GR","No Significant CC Change
Increased GR"
"30","113,1DF","monoraphidium",19,0.065724723592882,0.934275276407118,0.995936980005428,0.00406301999457197,"No Significant CC Change","Decreased GR","No Significant CC Change
Decreased GR"
"31","113,2DF","monoraphidium",19,0.0496962940870616,0.950303705912938,0.976141747532161,0.0238582524678389,"Increased CC","Decreased GR","Increased CC
Decreased GR"
"32","113,3DF","monoraphidium",19,0.00175942211584014,0.99824057788416,0.349962789260191,0.650037210739809,"Increased CC","No Significant GR Change","Increased CC
No Significant GR Change"
"33","113D3","scenedesmus",10,0.00232790741230658,0.997672092587693,0.00447972468024644,0.995520275319754,"Increased CC","Increased GR","Increased CC
Increased GR"
"34","114DF","monoraphidium",19,0.200113596242666,0.799886403757334,0.95991405863472,0.0400859413652799,"No Significant CC Change","Decreased GR","No Significant CC Change
Decreased GR"
"35","115D3","scenedesmus",10,0.000884228521542865,0.999115771478457,0.026464038970416,0.973535961029584,"Increased CC","Increased GR","Increased CC
Increased GR"
"36","115DF","monoraphidium",16,0.0364532287623646,0.963546771237635,0.98381234875362,0.0161876512463796,"Increased CC","Decreased GR","Increased CC
Decreased GR"
"37","116D3","scenedesmus",12,0.219368237487613,0.780631762512387,0.000359136336034521,0.999640863663966,"No Significant CC Change","Increased GR","No Significant CC Change
Increased GR"
"38","116DF","monoraphidium",16,0.160634269636988,0.839365730363012,0.849071215838653,0.150928784161347,"No Significant CC Change","No Significant GR Change","No Significant CC Change
No Significant GR Change"
"39","117,1DF","monoraphidium",17,0.00763612317376071,0.992363876826239,0.876208935920998,0.123791064079002,"Increased CC","No Significant GR Change","Increased CC
No Significant GR Change"
"40","117D3","scenedesmus",10,0.00874099523786733,0.991259004762133,0.042895709028403,0.957104290971597,"Increased CC","Increased GR","Increased CC
Increased GR"
"41","117DF","monoraphidium",16,0.0340045266848649,0.965995473315135,0.736517886618829,0.263482113381171,"Increased CC","No Significant GR Change","Increased CC
No Significant GR Change"
"42","118D3","scenedesmus",11,0.100516836166661,0.899483163833339,0.163837404395493,0.836162595604507,"No Significant CC Change","No Significant GR Change","No Significant CC Change
No Significant GR Change"
"43","118DF","monoraphidium",16,0.0800322279571821,0.919967772042818,0.929309076437376,0.0706909235626237,"No Significant CC Change","No Significant GR Change","No Significant CC Change
No Significant GR Change"
"44","119D3","scenedesmus",11,0.189469164684982,0.810530835315018,0.0258458419260117,0.974154158073988,"No Significant CC Change","Increased GR","No Significant CC Change
Increased GR"
"45","119DF","monoraphidium",19,0.999930527325439,6.94726745610047e-05,0.0514096511249615,0.948590348875038,"Decreased CC","No Significant GR Change","Decreased CC
No Significant GR Change"
"46","11DF","chlorella",1,0.000547401327993818,0.999452598672006,0.0873088524502622,0.912691147549738,"Increased CC","No Significant GR Change","Increased CC
No Significant GR Change"
"47","12,1DF","chlorella",1,0.009553741105466,0.990446258894534,0.058408043207906,0.941591956792094,"Increased CC","No Significant GR Change","Increased CC
No Significant GR Change"
"48","120D3","scenedesmus",11,0.00121957732662138,0.998780422673379,0.998248621672891,0.0017513783271092,"Increased CC","Decreased GR","Increased CC
Decreased GR"
"49","120DF","monoraphidium",18,0.000156202327317445,0.999843797672683,0.986394055564197,0.0136059444358026,"Increased CC","Decreased GR","Increased CC
Decreased GR"
"50","121D3","scenedesmus",12,0.255001329279945,0.744998670720055,0.043202179066424,0.956797820933576,"No Significant CC Change","Increased GR","No Significant CC Change
Increased GR"
"51","121DF","monoraphidium",18,0.172997950868604,0.827002049131396,0.537340479567676,0.462659520432324,"No Significant CC Change","No Significant GR Change","No Significant CC Change
No Significant GR Change"
"52","122D3","scenedesmus",11,0.985703200843194,0.014296799156806,0.0223259804489353,0.977674019551065,"Decreased CC","Increased GR","Decreased CC
Increased GR"
"53","122DF","selenastrum",25,0.122893959283081,0.877106040716919,0.999999975931891,2.40681094108518e-08,"No Significant CC Change","Decreased GR","No Significant CC Change
Decreased GR"
"54","123D3","scenedesmus",11,0.00273588374628728,0.997264116253713,0.00725255122000317,0.992747448779997,"Increased CC","Increased GR","Increased CC
Increased GR"
"55","123DF","selenastrum",23,0.139094519091678,0.860905480908322,0.91880208078147,0.0811979192185297,"No Significant CC Change","No Significant GR Change","No Significant CC Change
No Significant GR Change"
"56","124,1DF","selenastrum",25,0.17571444330744,0.82428555669256,0.777165024869181,0.222834975130819,"No Significant CC Change","No Significant GR Change","No Significant CC Change
No Significant GR Change"
"57","124,2DF","selenastrum",22,0.00192009572106506,0.998079904278935,0.78152531034333,0.21847468965667,"Increased CC","No Significant GR Change","Increased CC
No Significant GR Change"
"58","124,3DF","selenastrum",23,0.898663406609524,0.101336593390476,0.0185536926968889,0.981446307303111,"No Significant CC Change","Increased GR","No Significant CC Change
Increased GR"
"59","124,4DF","selenastrum",22,0.0702527191033527,0.929747280896647,0.910603035977667,0.0893969640223329,"No Significant CC Change","No Significant GR Change","No Significant CC Change
No Significant GR Change"
"60","124D3","scenedesmus",11,1.6851466070062e-06,0.999998314853393,0.000685317387613014,0.999314682612387,"Increased CC","Increased GR","Increased CC
Increased GR"
"61","125D3","scenedesmus",12,0.440783239749277,0.559216760250723,0.0609008772161679,0.939099122783832,"No Significant CC Change","No Significant GR Change","No Significant CC Change
No Significant GR Change"
"62","125DF","selenastrum",21,0.550045378644591,0.449954621355409,0.999744149687327,0.000255850312672777,"No Significant CC Change","Decreased GR","No Significant CC Change
Decreased GR"
"63","126D3","scenedesmus",12,0.26018590944211,0.73981409055789,0.0525051855775475,0.947494814422453,"No Significant CC Change","No Significant GR Change","No Significant CC Change
No Significant GR Change"
"64","126DF","selenastrum",25,0.087602561622691,0.912397438377309,0.964777120444221,0.0352228795557793,"No Significant CC Change","Decreased GR","No Significant CC Change
Decreased GR"
"65","127,1D3","scenedesmus",13,0.999935004650241,6.49953497585931e-05,0.0187069074360803,0.98129309256392,"Decreased CC","Increased GR","Decreased CC
Increased GR"
"66","127.1D3","scenedesmus",11,0.46128246222974,0.53871753777026,0.0309028107529607,0.969097189247039,"No Significant CC Change","Increased GR","No Significant CC Change
Increased GR"
"67","127D3","scenedesmus",12,0.449838116945185,0.550161883054815,0.00105752200006177,0.998942477999938,"No Significant CC Change","Increased GR","No Significant CC Change
Increased GR"
"68","127DF","selenastrum",21,0.120559448354836,0.879440551645164,0.963023448659253,0.0369765513407466,"No Significant CC Change","Decreased GR","No Significant CC Change
Decreased GR"
"69","128,1DF","selenastrum",22,0.0037952081438424,0.996204791856158,0.996032178074804,0.0039678219251959,"Increased CC","Decreased GR","Increased CC
Decreased GR"
"70","128DF","selenastrum",21,0.208335129289506,0.791664870710494,0.955750344609478,0.0442496553905222,"No Significant CC Change","Decreased GR","No Significant CC Change
Decreased GR"
"71","129DF","selenastrum",22,0.016932537564636,0.983067462435364,0.977975674364693,0.0220243256353065,"Increased CC","Decreased GR","Increased CC
Decreased GR"
"72","12D3","chlorella",3,4.16450359661087e-07,0.99999958354964,0.00896175323033188,0.991038246769668,"Increased CC","Increased GR","Increased CC
Increased GR"
"73","12DF","chlorella",1,8.89922997914196e-06,0.999991100770021,0.187289127652374,0.812710872347627,"Increased CC","No Significant GR Change","Increased CC
No Significant GR Change"
"74","130D3","scenedesmus",11,0.0293521399047322,0.970647860095268,0.741500227902781,0.258499772097219,"Increased CC","No Significant GR Change","Increased CC
No Significant GR Change"
"75","130DF","selenastrum",21,0.211030924115438,0.788969075884562,0.996356544319369,0.00364345568063098,"No Significant CC Change","Decreased GR","No Significant CC Change
Decreased GR"
"76","131,1D3","scenedesmus",12,0.0427720568038013,0.957227943196199,0.157542996351972,0.842457003648028,"Increased CC","No Significant GR Change","Increased CC
No Significant GR Change"
"77","131D3","scenedesmus",11,0.0110449887709371,0.988955011229063,0.00441869543545945,0.995581304564541,"Increased CC","Increased GR","Increased CC
Increased GR"
"78","131DF","selenastrum",24,0.202231740639048,0.797768259360952,0.945914675509839,0.0540853244901611,"No Significant CC Change","No Significant GR Change","No Significant CC Change
No Significant GR Change"
"79","132,1D3","scenedesmus",12,0.252315943012526,0.747684056987474,0.00784816807735975,0.99215183192264,"No Significant CC Change","Increased GR","No Significant CC Change
Increased GR"
"80","132,1DF","selenastrum",25,0.994344088219532,0.00565591178046834,0.999141809022758,0.000858190977242331,"Decreased CC","Decreased GR","Decreased CC
Decreased GR"
"81","132D3","scenedesmus",12,0.322739697216554,0.677260302783446,0.0468687751379452,0.953131224862055,"No Significant CC Change","Increased GR","No Significant CC Change
Increased GR"
"82","132DF","selenastrum",24,0.0378487970176158,0.962151202982384,0.873134286894559,0.126865713105441,"Increased CC","No Significant GR Change","Increased CC
No Significant GR Change"
"83","133D3","scenedesmus",13,0.219400425437294,0.780599574562706,0.0756938773019591,0.924306122698041,"No Significant CC Change","No Significant GR Change","No Significant CC Change
No Significant GR Change"
"84","133DF","selenastrum",25,0.0895806365855872,0.910419363414413,0.335198223354792,0.664801776645208,"No Significant CC Change","No Significant GR Change","No Significant CC Change
No Significant GR Change"
"85","134D3","scenedesmus",13,0.217210594125424,0.782789405874576,0.287269836630026,0.712730163369974,"No Significant CC Change","No Significant GR Change","No Significant CC Change
No Significant GR Change"
"86","134DF","selenastrum",23,0.956795330929304,0.0432046690706958,0.00853360016523006,0.99146639983477,"Decreased CC","Increased GR","Decreased CC
Increased GR"
"87","135D3","scenedesmus",13,0.47857866634857,0.52142133365143,0.0658097409155253,0.934190259084475,"No Significant CC Change","No Significant GR Change","No Significant CC Change
No Significant GR Change"
"88","135DF","selenastrum",21,0.0695947210974159,0.930405278902584,0.999192560004445,0.000807439995555332,"No Significant CC Change","Decreased GR","No Significant CC Change
Decreased GR"
"89","136,1DF","selenastrum",21,0.00242622926736277,0.997573770732637,0.99162173401827,0.00837826598173026,"Increased CC","Decreased GR","Increased CC
Decreased GR"
"90","136D3","scenedesmus",14,0.958739210835923,0.0412607891640767,0.000173980081737294,0.999826019918263,"Decreased CC","Increased GR","Decreased CC
Increased GR"
"91","136DF","selenastrum",21,0.0556231205574293,0.944376879442571,0.196385135222587,0.803614864777413,"No Significant CC Change","No Significant GR Change","No Significant CC Change
No Significant GR Change"
"92","137D3","scenedesmus",13,0.72246835234678,0.27753164765322,0.292251268391597,0.707748731608403,"No Significant CC Change","No Significant GR Change","No Significant CC Change
No Significant GR Change"
"93","137DF","selenastrum",23,0.804217961483327,0.195782038516673,0.0620091089888512,0.937990891011149,"No Significant CC Change","No Significant GR Change","No Significant CC Change
No Significant GR Change"
"94","138DF","selenastrum",21,0.0162125173102834,0.983787482689717,0.997559349301074,0.00244065069892622,"Increased CC","Decreased GR","Increased CC
Decreased GR"
"95","139D3","scenedesmus",13,0.99998043461754,1.95653824598818e-05,0.0144499326617044,0.985550067338296,"Decreased CC","Increased GR","Decreased CC
Increased GR"
"96","139DF","selenastrum",25,0.00460699119864315,0.995393008801357,0.68625398123722,0.31374601876278,"Increased CC","No Significant GR Change","Increased CC
No Significant GR Change"
"97","13D3","chlorella",3,0.967941823281815,0.0320581767181851,0.993996303008182,0.00600369699181789,"Decreased CC","Decreased GR","Decreased CC
Decreased GR"
"98","13DF","chlorella",1,0.00216677794663418,0.997833222053366,0.999361573597391,0.000638426402608903,"Increased CC","Decreased GR","Increased CC
Decreased GR"
"99","140,1DF","selenastrum",24,0.276095752263589,0.723904247736411,0.814116636770751,0.185883363229249,"No Significant CC Change","No Significant GR Change","No Significant CC Change
No Significant GR Change"
"100","140DF","selenastrum",22,0.00132762380707686,0.998672376192923,0.788278531098478,0.211721468901522,"Increased CC","No Significant GR Change","Increased CC
No Significant GR Change"
"101","141,1DF","selenastrum",21,0.0118574439509324,0.988142556049068,0.868909555930076,0.131090444069924,"Increased CC","No Significant GR Change","Increased CC
No Significant GR Change"
"102","141D3","scenedesmus",13,0.999953722561452,4.62774385475533e-05,0.0028378522638549,0.997162147736145,"Decreased CC","Increased GR","Decreased CC
Increased GR"
"103","142,1DF","selenastrum",24,0.186414339698475,0.813585660301525,0.765524348684606,0.234475651315394,"No Significant CC Change","No Significant GR Change","No Significant CC Change
No Significant GR Change"
"104","142D3","scenedesmus",13,0.979631597723879,0.0203684022761214,0.0101664221476627,0.989833577852337,"Decreased CC","Increased GR","Decreased CC
Increased GR"
"105","142DF","selenastrum",22,0.0308899636894202,0.96911003631058,0.998038154168496,0.00196184583150426,"Increased CC","Decreased GR","Increased CC
Decreased GR"
"106","143,1DF","selenastrum",21,0.0306098191189523,0.969390180881048,0.995505446439312,0.00449455356068803,"Increased CC","Decreased GR","Increased CC
Decreased GR"
"107","143D3","scenedesmus",13,0.241078573243493,0.758921426756507,0.0382579943058923,0.961742005694108,"No Significant CC Change","Increased GR","No Significant CC Change
Increased GR"
"108","143DF","selenastrum",25,0.0900413202985869,0.909958679701413,0.981894184950966,0.0181058150490342,"No Significant CC Change","Decreased GR","No Significant CC Change
Decreased GR"
"109","144,1DF","selenastrum",22,0.0228183967530849,0.977181603246915,0.998751603335188,0.00124839666481162,"Increased CC","Decreased GR","Increased CC
Decreased GR"
"110","145DF","selenastrum",25,6.88412358267547e-05,0.999931158764173,0.999495968439228,0.000504031560771739,"Increased CC","Decreased GR","Increased CC
Decreased GR"
"111","146D3","scenedesmus",13,0.237824601761332,0.762175398238668,0.00126939035259441,0.998730609647406,"No Significant CC Change","Increased GR","No Significant CC Change
Increased GR"
"112","146DF","selenastrum",24,0.221758968186719,0.778241031813281,0.713759956253265,0.286240043746735,"No Significant CC Change","No Significant GR Change","No Significant CC Change
No Significant GR Change"
"113","147D3","scenedesmus",13,0.395828590551169,0.604171409448831,0.134559757153077,0.865440242846923,"No Significant CC Change","No Significant GR Change","No Significant CC Change
No Significant GR Change"
"114","147DF","selenastrum",24,0.480392419254331,0.519607580745669,0.795182245364274,0.204817754635726,"No Significant CC Change","No Significant GR Change","No Significant CC Change
No Significant GR Change"
"115","148D3","scenedesmus",14,0.983996148465219,0.0160038515347809,0.00236706529039934,0.997632934709601,"Decreased CC","Increased GR","Decreased CC
Increased GR"
"116","148DF","selenastrum",23,0.0147841279449689,0.985215872055031,0.948762248446057,0.0512377515539433,"Increased CC","No Significant GR Change","Increased CC
No Significant GR Change"
"117","149D3","scenedesmus",13,0.130414191262569,0.869585808737431,0.198351538045782,0.801648461954218,"No Significant CC Change","No Significant GR Change","No Significant CC Change
No Significant GR Change"
"118","149DF","selenastrum",23,0.737148656845386,0.262851343154614,0.857095355149038,0.142904644850962,"No Significant CC Change","No Significant GR Change","No Significant CC Change
No Significant GR Change"
"119","14D3","chlorella",3,0.9984890677412,0.00151093225879958,0.9946174829586,0.00538251704140002,"Decreased CC","Decreased GR","Decreased CC
Decreased GR"
"120","150,1DF","selenastrum",21,0.0860606567029957,0.913939343297004,0.984159930655898,0.0158400693441017,"No Significant CC Change","Decreased GR","No Significant CC Change
Decreased GR"
"121","150D3","scenedesmus",13,0.917673959775117,0.0823260402248826,0.0252576040606595,0.974742395939341,"No Significant CC Change","Increased GR","No Significant CC Change
Increased GR"
"122","150DF","selenastrum",25,0.0163775504412092,0.983622449558791,0.999997754338647,2.24566135312235e-06,"Increased CC","Decreased GR","Increased CC
Decreased GR"
"123","151D3","scenedesmus",13,0.266709072067304,0.733290927932696,0.169065548712923,0.830934451287077,"No Significant CC Change","No Significant GR Change","No Significant CC Change
No Significant GR Change"
"124","151DF","selenastrum",24,0.000372921234530913,0.999627078765469,0.882262751309183,0.117737248690817,"Increased CC","No Significant GR Change","Increased CC
No Significant GR Change"
"125","152D3","scenedesmus",13,0.0248525061337936,0.975147493866206,0.0465882321473832,0.953411767852617,"Increased CC","Increased GR","Increased CC
Increased GR"
"126","152DF","selenastrum",22,0.0168678851369849,0.983132114863015,0.99811282679543,0.00188717320456983,"Increased CC","Decreased GR","Increased CC
Decreased GR"
"127","153D3","scenedesmus",13,0.0787040529416099,0.92129594705839,0.114195753084854,0.885804246915146,"No Significant CC Change","No Significant GR Change","No Significant CC Change
No Significant GR Change"
"128","153DF","selenastrum",22,0.0314189088155384,0.968581091184462,0.417152048767666,0.582847951232334,"Increased CC","No Significant GR Change","Increased CC
No Significant GR Change"
"129","154D3","scenedesmus",14,0.987881426220697,0.0121185737793032,0.00310695195404139,0.996893048045959,"Decreased CC","Increased GR","Decreased CC
Increased GR"
"130","155D3","scenedesmus",14,0.911620258565624,0.0883797414343764,0.0351742175144324,0.964825782485568,"No Significant CC Change","Increased GR","No Significant CC Change
Increased GR"
"131","156D3","monoraphidium",17,0.0122608382914287,0.987739161708571,0.948269699640496,0.0517303003595038,"Increased CC","No Significant GR Change","Increased CC
No Significant GR Change"
"132","157D3","monoraphidium",19,0.710276866991935,0.289723133008065,0.00618780056223282,0.993812199437767,"No Significant CC Change","Increased GR","No Significant CC Change
Increased GR"
"133","158D3","monoraphidium",17,0.111145830495071,0.888854169504929,0.800797827438116,0.199202172561884,"No Significant CC Change","No Significant GR Change","No Significant CC Change
No Significant GR Change"
"134","159,1D3","monoraphidium",16,0.132438345334843,0.867561654665157,0.880403641849937,0.119596358150063,"No Significant CC Change","No Significant GR Change","No Significant CC Change
No Significant GR Change"
"135","159D3","monoraphidium",18,0.05353364101183,0.94646635898817,0.105939668842773,0.894060331157227,"No Significant CC Change","No Significant GR Change","No Significant CC Change
No Significant GR Change"
"136","15DF","chlorella",2,0.0146852922018054,0.985314707798195,0.0599413600720524,0.940058639927948,"Increased CC","No Significant GR Change","Increased CC
No Significant GR Change"
"137","160D3","monoraphidium",17,0.197904231392267,0.802095768607733,0.928140172240155,0.0718598277598451,"No Significant CC Change","No Significant GR Change","No Significant CC Change
No Significant GR Change"
"138","161D3","monoraphidium",17,0.741140027382489,0.258859972617511,0.310443517423852,0.689556482576148,"No Significant CC Change","No Significant GR Change","No Significant CC Change
No Significant GR Change"
"139","162D3","monoraphidium",16,0.45330019603153,0.54669980396847,0.546504097717564,0.453495902282436,"No Significant CC Change","No Significant GR Change","No Significant CC Change
No Significant GR Change"
"140","163D3","monoraphidium",19,0.0187660657116258,0.981233934288374,0.959573104951356,0.0404268950486444,"Increased CC","Decreased GR","Increased CC
Decreased GR"
"141","165D3","monoraphidium",20,0.269525582509368,0.730474417490632,0.285339671908391,0.714660328091609,"No Significant CC Change","No Significant GR Change","No Significant CC Change
No Significant GR Change"
"142","166D3","monoraphidium",18,6.84269192388972e-05,0.999931573080761,0.7433722324375,0.2566277675625,"Increased CC","No Significant GR Change","Increased CC
No Significant GR Change"
"143","167D3","monoraphidium",17,0.100916752145387,0.899083247854613,0.744833685982352,0.255166314017648,"No Significant CC Change","No Significant GR Change","No Significant CC Change
No Significant GR Change"
"144","168D3","monoraphidium",19,0.0141537885345144,0.985846211465486,0.283434068223423,0.716565931776577,"Increased CC","No Significant GR Change","Increased CC
No Significant GR Change"
"145","169D3","monoraphidium",17,0.143006265385896,0.856993734614104,0.774312049196674,0.225687950803326,"No Significant CC Change","No Significant GR Change","No Significant CC Change
No Significant GR Change"
"146","16DF","chlorella",2,0.000342647113389775,0.99965735288661,0.907521214417465,0.0924787855825352,"Increased CC","No Significant GR Change","Increased CC
No Significant GR Change"
"147","170D3","monoraphidium",20,0.00124302140727569,0.998756978592724,0.99421262464057,0.00578737535942998,"Increased CC","Decreased GR","Increased CC
Decreased GR"
"148","171D3","monoraphidium",19,0.00351411212356648,0.996485887876434,0.988000743306016,0.0119992566939838,"Increased CC","Decreased GR","Increased CC
Decreased GR"
"149","172D3","monoraphidium",18,0.0133490164733494,0.986650983526651,0.979220705012798,0.0207792949872021,"Increased CC","Decreased GR","Increased CC
Decreased GR"
"150","173D3","monoraphidium",20,0.549843820122131,0.450156179877869,0.239053546953106,0.760946453046894,"No Significant CC Change","No Significant GR Change","No Significant CC Change
No Significant GR Change"
"151","174D3","monoraphidium",16,0.00239848075158152,0.997601519248418,0.935689052691194,0.0643109473088064,"Increased CC","No Significant GR Change","Increased CC
No Significant GR Change"
"152","175D3","monoraphidium",18,0.000308647245234826,0.999691352754765,0.94403466028522,0.0559653397147797,"Increased CC","No Significant GR Change","Increased CC
No Significant GR Change"
"153","176D3","monoraphidium",20,0.528184102546405,0.471815897453595,0.0530935756260448,0.946906424373955,"No Significant CC Change","No Significant GR Change","No Significant CC Change
No Significant GR Change"
"154","177D3","monoraphidium",18,0.161237801638713,0.838762198361287,0.12707044841244,0.87292955158756,"No Significant CC Change","No Significant GR Change","No Significant CC Change
No Significant GR Change"
"155","178D3","monoraphidium",18,0.000374169085249198,0.999625830914751,0.560245089845716,0.439754910154284,"Increased CC","No Significant GR Change","Increased CC
No Significant GR Change"
"156","179D3","monoraphidium",16,0.0432569416300998,0.9567430583699,0.972480006558795,0.0275199934412054,"Increased CC","Decreased GR","Increased CC
Decreased GR"
"157","17D3","chlorella",3,0.000183800125645692,0.999816199874354,0.000473002056394999,0.999526997943605,"Increased CC","Increased GR","Increased CC
Increased GR"
"158","17DF","chlorella",2,0.0587062369395822,0.941293763060418,0.974562011922039,0.0254379880779611,"No Significant CC Change","Decreased GR","No Significant CC Change
Decreased GR"
"159","180D3","monoraphidium",20,0.174456651947732,0.825543348052268,0.944644944823301,0.0553550551766993,"No Significant CC Change","No Significant GR Change","No Significant CC Change
No Significant GR Change"
"160","181D3","monoraphidium",17,0.906488352999068,0.0935116470009323,0.0266380138990476,0.973361986100952,"No Significant CC Change","Increased GR","No Significant CC Change
Increased GR"
"161","182D3","monoraphidium",17,0.877348299870572,0.122651700129428,0.0872416695541138,0.912758330445886,"No Significant CC Change","No Significant GR Change","No Significant CC Change
No Significant GR Change"
"162","183,1D3","monoraphidium",19,0.0318171354514433,0.968182864548557,0.977067201689504,0.0229327983104962,"Increased CC","Decreased GR","Increased CC
Decreased GR"
"163","183D3","monoraphidium",18,6.69786408034416e-06,0.99999330213592,0.976140827037663,0.0238591729623372,"Increased CC","Decreased GR","Increased CC
Decreased GR"
"164","184D3","monoraphidium",19,0.0741747083065111,0.925825291693489,0.964538109122466,0.0354618908775337,"No Significant CC Change","Decreased GR","No Significant CC Change
Decreased GR"
"165","185D3","monoraphidium",16,0.0103866926442858,0.989613307355714,0.973311797852873,0.0266882021471273,"Increased CC","Decreased GR","Increased CC
Decreased GR"
"166","186D3","monoraphidium",19,0.00699620142375255,0.993003798576247,0.729921119511144,0.270078880488856,"Increased CC","No Significant GR Change","Increased CC
No Significant GR Change"
"167","187D3","monoraphidium",16,0.190144903562907,0.809855096437093,0.996215097736526,0.00378490226347372,"No Significant CC Change","Decreased GR","No Significant CC Change
Decreased GR"
"168","188D3","monoraphidium",18,0.987747018832845,0.0122529811671549,0.243787418288265,0.756212581711735,"Decreased CC","No Significant GR Change","Decreased CC
No Significant GR Change"
"169","189D3","monoraphidium",16,0.42196386857321,0.57803613142679,0.289359740248475,0.710640259751525,"No Significant CC Change","No Significant GR Change","No Significant CC Change
No Significant GR Change"
"170","18D3","chlorella",4,0.00505744135825508,0.994942558641745,0.0601827350929375,0.939817264907062,"Increased CC","No Significant GR Change","Increased CC
No Significant GR Change"
"171","18DF","chlorella",2,3.16337366897007e-05,0.99996836626331,0.961248092408474,0.0387519075915258,"Increased CC","Decreased GR","Increased CC
Decreased GR"
"172","190D3","monoraphidium",16,0.0601541452695143,0.939845854730486,0.953594710242557,0.0464052897574431,"No Significant CC Change","Decreased GR","No Significant CC Change
Decreased GR"
"173","191D3","monoraphidium",16,0.174605326073891,0.825394673926109,0.797020195750358,0.202979804249642,"No Significant CC Change","No Significant GR Change","No Significant CC Change
No Significant GR Change"
"174","192D3","monoraphidium",17,0.118528558740759,0.881471441259241,0.410276852515619,0.589723147484381,"No Significant CC Change","No Significant GR Change","No Significant CC Change
No Significant GR Change"
"175","194D3","monoraphidium",16,0.015054652690063,0.984945347309937,0.863243184651261,0.136756815348739,"Increased CC","No Significant GR Change","Increased CC
No Significant GR Change"
"176","196D3","monoraphidium",18,0.00308648017066859,0.996913519829331,0.875082800088177,0.124917199911823,"Increased CC","No Significant GR Change","Increased CC
No Significant GR Change"
"177","197D3","monoraphidium",19,0.00726840589341294,0.992731594106587,0.921693002378673,0.0783069976213267,"Increased CC","No Significant GR Change","Increased CC
No Significant GR Change"
"178","198D3","monoraphidium",17,0.701797306480954,0.298202693519046,0.219563621261487,0.780436378738513,"No Significant CC Change","No Significant GR Change","No Significant CC Change
No Significant GR Change"
"179","19DF","chlorella",2,0.021916656032088,0.978083343967912,0.999877899277584,0.000122100722415906,"Increased CC","Decreased GR","Increased CC
Decreased GR"
"180","1D3","chlorella",3,9.44982571266101e-06,0.999990550174287,0.000422393632893502,0.999577606367106,"Increased CC","Increased GR","Increased CC
Increased GR"
"181","200D3","monoraphidium",19,0.00106953107767564,0.998930468922324,0.992744787558674,0.00725521244132631,"Increased CC","Decreased GR","Increased CC
Decreased GR"
"182","201D3","monoraphidium",16,0.0973199747032715,0.902680025296728,0.900631630788393,0.0993683692116066,"No Significant CC Change","No Significant GR Change","No Significant CC Change
No Significant GR Change"
"183","202D3","selenastrum",23,0.954059569337988,0.0459404306620117,0.00287589020304289,0.997124109796957,"Decreased CC","Increased GR","Decreased CC
Increased GR"
"184","203D3","selenastrum",25,0.47067477084238,0.52932522915762,0.190164209357908,0.809835790642092,"No Significant CC Change","No Significant GR Change","No Significant CC Change
No Significant GR Change"
"185","204D3","selenastrum",21,0.00239354859201489,0.997606451407985,0.118436263811791,0.881563736188209,"Increased CC","No Significant GR Change","Increased CC
No Significant GR Change"
"186","205D3","selenastrum",21,0.742278899961877,0.257721100038123,0.310493407241449,0.689506592758551,"No Significant CC Change","No Significant GR Change","No Significant CC Change
No Significant GR Change"
"187","206D3","selenastrum",25,0.0109845416452259,0.989015458354774,0.791279687782202,0.208720312217798,"Increased CC","No Significant GR Change","Increased CC
No Significant GR Change"
"188","207D3","selenastrum",23,0.864704252170512,0.135295747829488,0.0455312089214436,0.954468791078556,"No Significant CC Change","Increased GR","No Significant CC Change
Increased GR"
"189","208D3","selenastrum",24,0.277429338827905,0.722570661172095,0.536797624931896,0.463202375068104,"No Significant CC Change","No Significant GR Change","No Significant CC Change
No Significant GR Change"
"190","209D3","selenastrum",22,0.025591794267353,0.974408205732647,0.646536910380441,0.353463089619559,"Increased CC","No Significant GR Change","Increased CC
No Significant GR Change"
"191","20D3","chlorella",4,0.986208234325686,0.0137917656743143,0.0860195747732339,0.913980425226766,"Decreased CC","No Significant GR Change","Decreased CC
No Significant GR Change"
"192","20DF","chlorella",2,0.00980091584301224,0.990199084156988,0.184280559757055,0.815719440242945,"Increased CC","No Significant GR Change","Increased CC
No Significant GR Change"
"193","210D3","selenastrum",22,0.00598894419715084,0.994011055802849,0.977140994191565,0.0228590058084345,"Increased CC","Decreased GR","Increased CC
Decreased GR"
"194","211D3","selenastrum",23,0.905543540771886,0.094456459228114,0.165831929324821,0.834168070675179,"No Significant CC Change","No Significant GR Change","No Significant CC Change
No Significant GR Change"
"195","213D3","selenastrum",21,0.0387787223163909,0.961221277683609,0.999875829269222,0.000124170730778137,"Increased CC","Decreased GR","Increased CC
Decreased GR"
"196","214D3","selenastrum",23,0.905189262784134,0.0948107372158659,0.141990781166381,0.858009218833619,"No Significant CC Change","No Significant GR Change","No Significant CC Change
No Significant GR Change"
"197","215D3","selenastrum",24,0.17197363465231,0.828026365347689,0.83842496728382,0.16157503271618,"No Significant CC Change","No Significant GR Change","No Significant CC Change
No Significant GR Change"
"198","216D3","selenastrum",25,0.115059742726933,0.884940257273067,0.98337019486619,0.0166298051338097,"No Significant CC Change","Decreased GR","No Significant CC Change
Decreased GR"
"199","217D3","selenastrum",22,0.00233928337177536,0.997660716628225,0.479527689458471,0.520472310541529,"Increased CC","No Significant GR Change","Increased CC
No Significant GR Change"
"200","218D3","selenastrum",25,0.00104417234323381,0.998955827656766,0.850752430032195,0.149247569967805,"Increased CC","No Significant GR Change","Increased CC
No Significant GR Change"
"201","219D3","selenastrum",24,0.0925215247463122,0.907478475253688,0.773222627836756,0.226777372163244,"No Significant CC Change","No Significant GR Change","No Significant CC Change
No Significant GR Change"
"202","21D3","chlorella",4,0.000598415105130892,0.999401584894869,0.0344196433800118,0.965580356619988,"Increased CC","Increased GR","Increased CC
Increased GR"
"203","21DF","chlorella",2,0.000170508215726705,0.999829491784273,0.385665503734269,0.614334496265731,"Increased CC","No Significant GR Change","Increased CC
No Significant GR Change"
"204","220D3","selenastrum",23,0.150843803820522,0.849156196179478,0.898337691226877,0.101662308773123,"No Significant CC Change","No Significant GR Change","No Significant CC Change
No Significant GR Change"
"205","221D3","selenastrum",23,0.608739388774903,0.391260611225097,0.78589745235231,0.21410254764769,"No Significant CC Change","No Significant GR Change","No Significant CC Change
No Significant GR Change"
"206","222D3","selenastrum",24,0.195027420903828,0.804972579096172,0.879961400409236,0.120038599590764,"No Significant CC Change","No Significant GR Change","No Significant CC Change
No Significant GR Change"
"207","223D3","selenastrum",23,0.894929709292717,0.105070290707283,0.027414998521479,0.972585001478521,"No Significant CC Change","Increased GR","No Significant CC Change
Increased GR"
"208","225D3","selenastrum",24,0.361482441040538,0.638517558959462,0.493050719422688,0.506949280577312,"No Significant CC Change","No Significant GR Change","No Significant CC Change
No Significant GR Change"
"209","226D3","selenastrum",23,0.874229011275179,0.125770988724821,0.403692353996187,0.596307646003813,"No Significant CC Change","No Significant GR Change","No Significant CC Change
No Significant GR Change"
"210","228D3","selenastrum",25,0.204640085092742,0.795359914907258,0.999479838333281,0.000520161666719436,"No Significant CC Change","Decreased GR","No Significant CC Change
Decreased GR"
"211","22D3","chlorella",4,0.00341506082377476,0.996584939176225,2.56780722131143e-05,0.999974321927787,"Increased CC","Increased GR","Increased CC
Increased GR"
"212","22DF","chlorella",2,0.00131530109315926,0.998684698906841,0.000792996849267574,0.999207003150732,"Increased CC","Increased GR","Increased CC
Increased GR"
"213","230D3","selenastrum",22,0.998895739090182,0.00110426090981821,0.998478286587156,0.00152171341284407,"Decreased CC","Decreased GR","Decreased CC
Decreased GR"
"214","231D3","selenastrum",24,0.635861662573352,0.364138337426648,0.104295047445414,0.895704952554585,"No Significant CC Change","No Significant GR Change","No Significant CC Change
No Significant GR Change"
"215","232D3","selenastrum",23,0.940022419489396,0.0599775805106041,0.00287427631752155,0.997125723682478,"No Significant CC Change","Increased GR","No Significant CC Change
Increased GR"
"216","233D3","selenastrum",22,0.00881347198712251,0.991186528012878,0.974231355198862,0.0257686448011381,"Increased CC","Decreased GR","Increased CC
Decreased GR"
"217","234D3","selenastrum",21,0.0588631618512257,0.941136838148774,0.948381220825498,0.0516187791745019,"No Significant CC Change","No Significant GR Change","No Significant CC Change
No Significant GR Change"
"218","235D3","selenastrum",24,0.127426758570717,0.872573241429283,0.636622227892146,0.363377772107854,"No Significant CC Change","No Significant GR Change","No Significant CC Change
No Significant GR Change"
"219","236D3","selenastrum",22,0.00294872112302266,0.997051278876977,0.765260774339723,0.234739225660277,"Increased CC","No Significant GR Change","Increased CC
No Significant GR Change"
"220","237D3","selenastrum",22,0.613194861622182,0.386805138377818,0.00297633660334146,0.997023663396658,"No Significant CC Change","Increased GR","No Significant CC Change
Increased GR"
"221","238D3","selenastrum",23,0.73564215984449,0.26435784015551,0.363706269278388,0.636293730721612,"No Significant CC Change","No Significant GR Change","No Significant CC Change
No Significant GR Change"
"222","239D3","selenastrum",24,0.125394228367349,0.874605771632651,0.797015526548472,0.202984473451528,"No Significant CC Change","No Significant GR Change","No Significant CC Change
No Significant GR Change"
"223","23D3","chlorella",4,0.21566526916926,0.78433473083074,0.290958336570587,0.709041663429413,"No Significant CC Change","No Significant GR Change","No Significant CC Change
No Significant GR Change"
"224","240D3","selenastrum",23,0.958820946145272,0.0411790538547278,0.00242473203224561,0.997575267967754,"Decreased CC","Increased GR","Decreased CC
Increased GR"
"225","241D3","selenastrum",24,0.478284041553131,0.521715958446869,0.676139160048611,0.323860839951389,"No Significant CC Change","No Significant GR Change","No Significant CC Change
No Significant GR Change"
"226","243D3","selenastrum",21,0.135366589705252,0.864633410294748,0.990478476653966,0.00952152334603379,"No Significant CC Change","Decreased GR","No Significant CC Change
Decreased GR"
"227","244D3","selenastrum",22,0.00430366509010232,0.995696334909898,0.964206730928486,0.0357932690715144,"Increased CC","Decreased GR","Increased CC
Decreased GR"
"228","245D3","selenastrum",24,0.262386913730425,0.737613086269575,0.783311426164601,0.216688573835399,"No Significant CC Change","No Significant GR Change","No Significant CC Change
No Significant GR Change"
"229","246D3","selenastrum",23,0.99736785486706,0.00263214513294007,0.614905486449308,0.385094513550692,"Decreased CC","No Significant GR Change","Decreased CC
No Significant GR Change"
"230","247D3","selenastrum",24,0.207866224029867,0.792133775970133,0.801574627533573,0.198425372466427,"No Significant CC Change","No Significant GR Change","No Significant CC Change
No Significant GR Change"
"231","248D3","selenastrum",21,0.986560728316459,0.0134392716835414,0.0886357615879118,0.911364238412088,"Decreased CC","No Significant GR Change","Decreased CC
No Significant GR Change"
"232","24D3","chlorella",4,0.00246357465589449,0.997536425344105,0.265078146017359,0.734921853982641,"Increased CC","No Significant GR Change","Increased CC
No Significant GR Change"
"233","24DF","chlorella",2,0.209291549715988,0.790708450284012,0.113324357399482,0.886675642600518,"No Significant CC Change","No Significant GR Change","No Significant CC Change
No Significant GR Change"
"234","25,1DF","chlorella",2,0.722521019050849,0.277478980949151,0.205245349059397,0.794754650940602,"No Significant CC Change","No Significant GR Change","No Significant CC Change
No Significant GR Change"
"235","250D3","selenastrum",25,0.00534446569404424,0.994655534305956,0.939782003804027,0.0602179961959733,"Increased CC","No Significant GR Change","Increased CC
No Significant GR Change"
"236","25D3","chlorella",4,0.00555927704634821,0.994440722953652,0.699581063735059,0.300418936264941,"Increased CC","No Significant GR Change","Increased CC
No Significant GR Change"
"237","25DF","chlorella",2,6.01146308314266e-06,0.999993988536917,0.999966847532371,3.31524676290412e-05,"Increased CC","Decreased GR","Increased CC
Decreased GR"
"238","26D3","chlorella",4,0.996122282943005,0.0038777170569951,0.999375058733229,0.000624941266770818,"Decreased CC","Decreased GR","Decreased CC
Decreased GR"
"239","26DF","chlorella",2,0.0428151064287214,0.957184893571279,0.325968170854109,0.674031829145891,"Increased CC","No Significant GR Change","Increased CC
No Significant GR Change"
"240","27D3","chlorella",4,0.00111724860276373,0.998882751397236,0.0025666590159754,0.997433340984025,"Increased CC","Increased GR","Increased CC
Increased GR"
"241","27DF","chlorella",2,0.998256056855853,0.00174394314414699,0.536862158554165,0.463137841445835,"Decreased CC","No Significant GR Change","Decreased CC
No Significant GR Change"
"242","28D3","chlorella",4,0.00953793688579382,0.990462063114206,0.736739875718942,0.263260124281058,"Increased CC","No Significant GR Change","Increased CC
No Significant GR Change"
"243","28DF","chlorella",2,0.794144858456433,0.205855141543567,0.211068344049417,0.788931655950583,"No Significant CC Change","No Significant GR Change","No Significant CC Change
No Significant GR Change"
"244","29D3","chlorella",4,0.0909310175253496,0.90906898247465,0.99999889849937,1.10150062955475e-06,"No Significant CC Change","Decreased GR","No Significant CC Change
Decreased GR"
"245","29DF","chlorella",2,8.26926604223993e-06,0.999991730733958,1.63478706922099e-05,0.999983652129308,"Increased CC","Increased GR","Increased CC
Increased GR"
"246","2DF","chlorella",1,0.00116640275024313,0.998833597249757,0.000184992730324585,0.999815007269675,"Increased CC","Increased GR","Increased CC
Increased GR"
"247","30,1DF","chlorella",2,0.0274617825131608,0.972538217486839,0.999996101021127,3.89897887315442e-06,"Increased CC","Decreased GR","Increased CC
Decreased GR"
"248","30D3","chlorella",4,0.997293426619285,0.00270657338071514,0.00133763696977076,0.998662363030229,"Decreased CC","Increased GR","Decreased CC
Increased GR"
"249","31D3","chlorella",4,1.10367694538543e-05,0.999988963230546,0.981600219886477,0.018399780113523,"Increased CC","Decreased GR","Increased CC
Decreased GR"
"250","31DF","chlorella",2,0.0362832031216287,0.963716796878371,0.99999577020883,4.22979116975438e-06,"Increased CC","Decreased GR","Increased CC
Decreased GR"
"251","32DF","chlorella",3,0.00282570358365904,0.997174296416341,0.972119152830015,0.0278808471699855,"Increased CC","Decreased GR","Increased CC
Decreased GR"
"252","33D3","chlorella",4,0.0417685025850717,0.958231497414928,0.00236639588885359,0.997633604111146,"Increased CC","Increased GR","Increased CC
Increased GR"
"253","33DF","chlorella",3,0.00525734619550858,0.994742653804491,0.999510809262765,0.000489190737234817,"Increased CC","Decreased GR","Increased CC
Decreased GR"
"254","34,1D3","chlorella",4,0.986408230686874,0.0135917693131265,0.848829384854868,0.151170615145132,"Decreased CC","No Significant GR Change","Decreased CC
No Significant GR Change"
"255","34D3","chlorella",4,4.08450784522762e-07,0.999999591549215,0.650727093534932,0.349272906465068,"Increased CC","No Significant GR Change","Increased CC
No Significant GR Change"
"256","34DF","chlorella",3,0.0313509294827183,0.968649070517282,0.969264831256566,0.0307351687434342,"Increased CC","Decreased GR","Increased CC
Decreased GR"
"257","35D3","chlorella",4,0.000358992628411489,0.999641007371588,0.985986921496153,0.0140130785038466,"Increased CC","Decreased GR","Increased CC
Decreased GR"
"258","35DF","coelastrum",6,0.616473817642897,0.383526182357103,0.275777149557749,0.724222850442251,"No Significant CC Change","No Significant GR Change","No Significant CC Change
No Significant GR Change"
"259","36,1D3","chlorella",5,0.000413799150851212,0.999586200849149,0.0364596654452617,0.963540334554738,"Increased CC","Increased GR","Increased CC
Increased GR"
"260","36D3","chlorella",5,0.99656140604106,0.0034385939589404,0.00459049849303747,0.995409501506963,"Decreased CC","Increased GR","Decreased CC
Increased GR"
"261","37DF","coelastrum",6,0.214567626908385,0.785432373091615,0.0902915567372828,0.909708443262717,"No Significant CC Change","No Significant GR Change","No Significant CC Change
No Significant GR Change"
"262","38D3","chlorella",5,0.247178481705897,0.752821518294102,0.846184787519428,0.153815212480572,"No Significant CC Change","No Significant GR Change","No Significant CC Change
No Significant GR Change"
"263","38DF","coelastrum",6,0.0202204426682484,0.979779557331752,0.891794042158532,0.108205957841468,"Increased CC","No Significant GR Change","Increased CC
No Significant GR Change"
"264","39D3","chlorella",5,0.000387240154410995,0.999612759845589,0.999555938524516,0.00044406147548447,"Increased CC","Decreased GR","Increased CC
Decreased GR"
"265","3D3","chlorella",3,0.000528161710002368,0.999471838289998,0.0165292760525204,0.98347072394748,"Increased CC","Increased GR","Increased CC
Increased GR"
"266","3DF","chlorella",1,0.000289921238754926,0.999710078761245,0.000203021750428015,0.999796978249572,"Increased CC","Increased GR","Increased CC
Increased GR"
"267","4,1D3","chlorella",3,0.629649430233614,0.370350569766386,0.999006165337596,0.000993834662403869,"No Significant CC Change","Decreased GR","No Significant CC Change
Decreased GR"
"268","40,1DF","coelastrum",7,0.483662063703919,0.516337936296081,0.863775866772116,0.136224133227884,"No Significant CC Change","No Significant GR Change","No Significant CC Change
No Significant GR Change"
"269","40D3","chlorella",5,0.00369121289256553,0.996308787107435,0.00385116953950555,0.996148830460494,"Increased CC","Increased GR","Increased CC
Increased GR"
"270","40DF","coelastrum",6,0.696356471968469,0.303643528031531,0.589219620582126,0.410780379417874,"No Significant CC Change","No Significant GR Change","No Significant CC Change
No Significant GR Change"
"271","41DF","coelastrum",7,0.644002301551344,0.355997698448656,0.198737117195717,0.801262882804283,"No Significant CC Change","No Significant GR Change","No Significant CC Change
No Significant GR Change"
"272","42D3","chlorella",5,6.18469524065951e-17,1,0.230056371612101,0.769943628387899,"Increased CC","No Significant GR Change","Increased CC
No Significant GR Change"
"273","42DF","coelastrum",6,0.160284480468015,0.839715519531985,0.00257292824341419,0.997427071756586,"No Significant CC Change","Increased GR","No Significant CC Change
Increased GR"
"274","43DF","coelastrum",7,0.265035204856453,0.734964795143547,0.431968161233777,0.568031838766223,"No Significant CC Change","No Significant GR Change","No Significant CC Change
No Significant GR Change"
"275","44D3","chlorella",5,0.00392234703305617,0.996077652966944,0.184106881140138,0.815893118859862,"Increased CC","No Significant GR Change","Increased CC
No Significant GR Change"
"276","45,1DF","coelastrum",8,0.0255481143995896,0.974451885600411,0.565309540163865,0.434690459836135,"Increased CC","No Significant GR Change","Increased CC
No Significant GR Change"
"277","45,2DF","coelastrum",8,0.782580510913381,0.217419489086619,0.0204570562032832,0.979542943796717,"No Significant CC Change","Increased GR","No Significant CC Change
Increased GR"
"278","45D3","chlorella",5,0.00192711528410659,0.998072884715893,1.88271937713362e-08,0.999999981172806,"Increased CC","Increased GR","Increased CC
Increased GR"
"279","45DF","coelastrum",7,0.045167346445354,0.954832653554646,0.147954665186538,0.852045334813462,"Increased CC","No Significant GR Change","Increased CC
No Significant GR Change"
"280","46D3","chlorella",5,0.00575377028702594,0.994246229712974,0.653849525013079,0.346150474986921,"Increased CC","No Significant GR Change","Increased CC
No Significant GR Change"
"281","47DF","coelastrum",6,0.209986076625686,0.790013923374314,0.185253211880987,0.814746788119013,"No Significant CC Change","No Significant GR Change","No Significant CC Change
No Significant GR Change"
"282","48DF","coelastrum",6,0.0209078530986144,0.979092146901386,0.792585049443256,0.207414950556744,"Increased CC","No Significant GR Change","Increased CC
No Significant GR Change"
"283","49DF","coelastrum",8,0.227985420675526,0.772014579324474,0.0396722276107477,0.960327772389252,"No Significant CC Change","Increased GR","No Significant CC Change
Increased GR"
"284","4D3","chlorella",3,0.404624414101698,0.595375585898302,0.996429114754955,0.00357088524504529,"No Significant CC Change","Decreased GR","No Significant CC Change
Decreased GR"
"285","4DF","chlorella",1,0.000423702895070647,0.999576297104929,0.00480345341091646,0.995196546589084,"Increased CC","Increased GR","Increased CC
Increased GR"
"286","50DF","coelastrum",6,0.0259002522089009,0.974099747791099,0.70977614247564,0.29022385752436,"Increased CC","No Significant GR Change","Increased CC
No Significant GR Change"
"287","51D3","coelastrum",7,0.565120710725993,0.434879289274007,0.15607345367215,0.84392654632785,"No Significant CC Change","No Significant GR Change","No Significant CC Change
No Significant GR Change"
"288","51DF","coelastrum",7,0.074875936956752,0.925124063043248,0.671919875877545,0.328080124122455,"No Significant CC Change","No Significant GR Change","No Significant CC Change
No Significant GR Change"
"289","52,1DF","coelastrum",6,0.0504161260879257,0.949583873912074,0.89912415463092,0.10087584536908,"No Significant CC Change","No Significant GR Change","No Significant CC Change
No Significant GR Change"
"290","52,2DF","coelastrum",7,0.0311825778451198,0.96881742215488,0.540693379089519,0.459306620910481,"Increased CC","No Significant GR Change","Increased CC
No Significant GR Change"
"291","52D3","coelastrum",8,0.0662314217728575,0.933768578227143,0.809227677969975,0.190772322030025,"No Significant CC Change","No Significant GR Change","No Significant CC Change
No Significant GR Change"
"292","52DF","coelastrum",7,0.0147985695439998,0.985201430456,0.857125391144044,0.142874608855956,"Increased CC","No Significant GR Change","Increased CC
No Significant GR Change"
"293","53D3","coelastrum",8,0.603730820196625,0.396269179803375,0.0379229484309224,0.962077051569078,"No Significant CC Change","Increased GR","No Significant CC Change
Increased GR"
"294","53DF","coelastrum",6,0.674495389246345,0.325504610753655,0.0649568897940129,0.935043110205987,"No Significant CC Change","No Significant GR Change","No Significant CC Change
No Significant GR Change"
"295","54,1D3","coelastrum",8,0.54229972136397,0.45770027863603,0.0958360974280017,0.904163902571998,"No Significant CC Change","No Significant GR Change","No Significant CC Change
No Significant GR Change"
"296","54D3","coelastrum",8,0.0137979156980641,0.986202084301936,0.0418490082480841,0.958150991751916,"Increased CC","Increased GR","Increased CC
Increased GR"
"297","54DF","coelastrum",8,0.0449646744381811,0.955035325561819,0.14803459720067,0.85196540279933,"Increased CC","No Significant GR Change","Increased CC
No Significant GR Change"
"298","55DF","coelastrum",7,0.387893927566942,0.612106072433058,0.274465907139697,0.725534092860303,"No Significant CC Change","No Significant GR Change","No Significant CC Change
No Significant GR Change"
"299","56DF","coelastrum",6,0.239967522606886,0.760032477393114,0.00167739620413708,0.998322603795863,"No Significant CC Change","Increased GR","No Significant CC Change
Increased GR"
"300","57DF","coelastrum",7,0.0359153110906184,0.964084688909382,0.860342225757862,0.139657774242138,"Increased CC","No Significant GR Change","Increased CC
No Significant GR Change"
"301","58,2D3","coelastrum",8,0.00560788483290618,0.994392115167094,0.00949753959887002,0.99050246040113,"Increased CC","Increased GR","Increased CC
Increased GR"
"302","58DF","coelastrum",6,0.937969394057036,0.0620306059429636,0.375094319950666,0.624905680049334,"No Significant CC Change","No Significant GR Change","No Significant CC Change
No Significant GR Change"
"303","59D3","coelastrum",7,0.0509950761046755,0.949004923895325,0.81544393377961,0.18455606622039,"No Significant CC Change","No Significant GR Change","No Significant CC Change
No Significant GR Change"
"304","59DF","coelastrum",8,0.0385839139193897,0.96141608608061,0.0312621812741374,0.968737818725863,"Increased CC","Increased GR","Increased CC
Increased GR"
"305","5D3","chlorella",3,0.999797722454855,0.000202277545144758,0.954820206243373,0.0451797937566267,"Decreased CC","Decreased GR","Decreased CC
Decreased GR"
"306","5DF","chlorella",1,3.75553038402639e-05,0.99996244469616,0.023216159369606,0.976783840630394,"Increased CC","Increased GR","Increased CC
Increased GR"
"307","60,1DF","coelastrum",8,0.259471431543203,0.740528568456797,0.398764435073826,0.601235564926174,"No Significant CC Change","No Significant GR Change","No Significant CC Change
No Significant GR Change"
"308","60DF","coelastrum",8,0.10977621876535,0.89022378123465,0.26565467280021,0.73434532719979,"No Significant CC Change","No Significant GR Change","No Significant CC Change
No Significant GR Change"
"309","61D3","coelastrum",7,0.446018435394066,0.553981564605934,0.0756038565610313,0.924396143438969,"No Significant CC Change","No Significant GR Change","No Significant CC Change
No Significant GR Change"
"310","61DF","coelastrum",6,0.0387530127554436,0.961246987244556,0.231974057120091,0.768025942879909,"Increased CC","No Significant GR Change","Increased CC
No Significant GR Change"
"311","62,1D3","coelastrum",7,0.059804460681229,0.940195539318771,0.546689908904671,0.453310091095329,"No Significant CC Change","No Significant GR Change","No Significant CC Change
No Significant GR Change"
"312","62,1DF","coelastrum",6,0.00631347826760295,0.993686521732397,0.521147126413699,0.478852873586301,"Increased CC","No Significant GR Change","Increased CC
No Significant GR Change"
"313","62D3","coelastrum",8,0.0851832698126458,0.914816730187354,0.0328501371372883,0.967149862862712,"No Significant CC Change","Increased GR","No Significant CC Change
Increased GR"
"314","63D3","coelastrum",7,0.268543125263455,0.731456874736545,0.0638375596031286,0.936162440396871,"No Significant CC Change","No Significant GR Change","No Significant CC Change
No Significant GR Change"
"315","63DF","coelastrum",7,0.168991890254562,0.831008109745438,0.893672887854891,0.106327112145109,"No Significant CC Change","No Significant GR Change","No Significant CC Change
No Significant GR Change"
"316","64DF","scenedesmus",14,0.99686246155617,0.00313753844383043,0.000378217060120203,0.99962178293988,"Decreased CC","Increased GR","Decreased CC
Increased GR"
"317","65,1D3","coelastrum",6,0.349900768104726,0.650099231895274,0.230265941123393,0.769734058876607,"No Significant CC Change","No Significant GR Change","No Significant CC Change
No Significant GR Change"
"318","65D3","coelastrum",6,0.363805118344494,0.636194881655506,0.80314040700474,0.19685959299526,"No Significant CC Change","No Significant GR Change","No Significant CC Change
No Significant GR Change"
"319","65DF","scenedesmus",14,0.996794499445949,0.00320550055405103,0.000293230359351687,0.999706769640648,"Decreased CC","Increased GR","Decreased CC
Increased GR"
"320","66DF","scenedesmus",14,0.978362067479722,0.0216379325202781,0.000192717685508909,0.999807282314491,"Decreased CC","Increased GR","Decreased CC
Increased GR"
"321","67D3","coelastrum",7,0.0757961494223304,0.92420385057767,0.0443933311835143,0.955606668816486,"No Significant CC Change","Increased GR","No Significant CC Change
Increased GR"
"322","67DF","scenedesmus",14,0.83687981092453,0.16312018907547,0.000581570143912163,0.999418429856088,"No Significant CC Change","Increased GR","No Significant CC Change
Increased GR"
"323","68D3","coelastrum",8,0.0737220961106038,0.926277903889396,0.195167403048165,0.804832596951835,"No Significant CC Change","No Significant GR Change","No Significant CC Change
No Significant GR Change"
"324","69DF","scenedesmus",14,0.452786594703298,0.547213405296702,0.0178794453453703,0.98212055465463,"No Significant CC Change","Increased GR","No Significant CC Change
Increased GR"
"325","6D3","chlorella",3,0.000219425150426588,0.999780574849573,0.999650169755587,0.000349830244413089,"Increased CC","Decreased GR","Increased CC
Decreased GR"
"326","6DF","chlorella",1,0.0128073147602965,0.987192685239703,0.067196782610871,0.932803217389129,"Increased CC","No Significant GR Change","Increased CC
No Significant GR Change"
"327","70DF","scenedesmus",14,0.487531637622095,0.512468362377905,0.0241507541019745,0.975849245898025,"No Significant CC Change","Increased GR","No Significant CC Change
Increased GR"
"328","71DF","scenedesmus",14,0.571739711528725,0.428260288471275,0.00864899004336755,0.991351009956633,"No Significant CC Change","Increased GR","No Significant CC Change
Increased GR"
"329","72DF","scenedesmus",14,0.983783909156071,0.0162160908439289,0.0031486551115959,0.996851344888404,"Decreased CC","Increased GR","Decreased CC
Increased GR"
"330","73DF","scenedesmus",14,0.978604252070925,0.0213957479290754,0.0344308857870142,0.965569114212986,"Decreased CC","Increased GR","Decreased CC
Increased GR"
"331","74DF","scenedesmus",14,0.963556881627087,0.0364431183729126,0.0191437380271608,0.980856261972839,"Decreased CC","Increased GR","Decreased CC
Increased GR"
"332","75DF","scenedesmus",14,0.983953790842258,0.0160462091577422,0.0023642611235805,0.997635738876419,"Decreased CC","Increased GR","Decreased CC
Increased GR"
"333","76D3","coelastrum",7,0.0889127701677301,0.91108722983227,0.344831341524373,0.655168658475627,"No Significant CC Change","No Significant GR Change","No Significant CC Change
No Significant GR Change"
"334","76DF","scenedesmus",14,0.30255114292059,0.69744885707941,0.00112911048529672,0.998870889514703,"No Significant CC Change","Increased GR","No Significant CC Change
Increased GR"
"335","77D3","coelastrum",8,0.0849697655172869,0.915030234482713,0.0179505365520011,0.982049463447999,"No Significant CC Change","Increased GR","No Significant CC Change
Increased GR"
"336","77DF","scenedesmus",14,0.67042710146199,0.32957289853801,0.00016638060695913,0.999833619393041,"No Significant CC Change","Increased GR","No Significant CC Change
Increased GR"
"337","78D3","coelastrum",8,0.559877925325255,0.440122074674745,0.030730255680451,0.969269744319549,"No Significant CC Change","Increased GR","No Significant CC Change
Increased GR"
"338","78DF","scenedesmus",15,0.154332074213746,0.845667925786254,0.942405762753515,0.0575942372464851,"No Significant CC Change","No Significant GR Change","No Significant CC Change
No Significant GR Change"
"339","79,1DF","scenedesmus",15,0.154911057467931,0.845088942532069,0.93312484127806,0.0668751587219398,"No Significant CC Change","No Significant GR Change","No Significant CC Change
No Significant GR Change"
"340","79DF","scenedesmus",15,0.143831825097148,0.856168174902852,0.931795059004166,0.0682049409958337,"No Significant CC Change","No Significant GR Change","No Significant CC Change
No Significant GR Change"
"341","7D3","chlorella",3,0.799915978363209,0.200084021636791,0.997499642282256,0.00250035771774421,"No Significant CC Change","Decreased GR","No Significant CC Change
Decreased GR"
"342","7DF","chlorella",1,0.134974785654911,0.865025214345089,0.977288628937317,0.0227113710626829,"No Significant CC Change","Decreased GR","No Significant CC Change
Decreased GR"
"343","8,1D3","chlorella",3,0.0232754267061324,0.976724573293868,0.1708368802285,0.8291631197715,"Increased CC","No Significant GR Change","Increased CC
No Significant GR Change"
"344","80D3","coelastrum",6,0.0676344477857818,0.932365552214218,0.58182432914001,0.41817567085999,"No Significant CC Change","No Significant GR Change","No Significant CC Change
No Significant GR Change"
"345","80DF","scenedesmus",15,0.130150940186926,0.869849059813074,0.943850174248128,0.0561498257518719,"No Significant CC Change","No Significant GR Change","No Significant CC Change
No Significant GR Change"
"346","81DF","scenedesmus",15,0.124981631820089,0.875018368179911,0.941709767828436,0.0582902321715639,"No Significant CC Change","No Significant GR Change","No Significant CC Change
No Significant GR Change"
"347","82D3","coelastrum",7,0.968141769025262,0.0318582309747383,0.31551552013267,0.68448447986733,"Decreased CC","No Significant GR Change","Decreased CC
No Significant GR Change"
"348","82DF","scenedesmus",15,0.134612454251801,0.865387545748199,0.941383277777348,0.0586167222226519,"No Significant CC Change","No Significant GR Change","No Significant CC Change
No Significant GR Change"
"349","83D3","coelastrum",8,0.0237499044202369,0.976250095579763,0.719847779781425,0.280152220218575,"Increased CC","No Significant GR Change","Increased CC
No Significant GR Change"
"350","84D3","coelastrum",8,0.911949307069762,0.088050692930238,0.0306717210833738,0.969328278916626,"No Significant CC Change","Increased GR","No Significant CC Change
Increased GR"
"351","84DF","scenedesmus",15,0.138941501469463,0.861058498530537,0.939708307315187,0.0602916926848132,"No Significant CC Change","No Significant GR Change","No Significant CC Change
No Significant GR Change"
"352","85DF","scenedesmus",15,0.138395812666531,0.861604187333469,0.947538110103627,0.0524618898963727,"No Significant CC Change","No Significant GR Change","No Significant CC Change
No Significant GR Change"
"353","86D3","coelastrum",6,0.0238353190042709,0.976164680995729,0.429174057356615,0.570825942643385,"Increased CC","No Significant GR Change","Increased CC
No Significant GR Change"
"354","86DF","scenedesmus",15,0.129332292926896,0.870667707073104,0.943787777594589,0.0562122224054113,"No Significant CC Change","No Significant GR Change","No Significant CC Change
No Significant GR Change"
"355","87D3","scenedesmus",10,0.109568500791393,0.890431499208608,0.0395385461944383,0.960461453805562,"No Significant CC Change","Increased GR","No Significant CC Change
Increased GR"
"356","87DF","scenedesmus",15,0.14423364778941,0.85576635221059,0.942145352111436,0.0578546478885636,"No Significant CC Change","No Significant GR Change","No Significant CC Change
No Significant GR Change"
"357","88D3","scenedesmus",10,0.000664003492002971,0.999335996507997,0.401815573713173,0.598184426286827,"Increased CC","No Significant GR Change","Increased CC
No Significant GR Change"
"358","88DF","scenedesmus",15,0.141254686288246,0.858745313711754,0.947555510991744,0.052444489008256,"No Significant CC Change","No Significant GR Change","No Significant CC Change
No Significant GR Change"
"359","89D3","scenedesmus",12,0.233275643050965,0.766724356949035,0.00215332994766963,0.99784667005233,"No Significant CC Change","Increased GR","No Significant CC Change
Increased GR"
"360","89DF","scenedesmus",15,0.161515271487223,0.838484728512777,0.926158938007258,0.0738410619927423,"No Significant CC Change","No Significant GR Change","No Significant CC Change
No Significant GR Change"
"361","8D3","chlorella",3,0.0449391853408642,0.955060814659136,0.996489073959438,0.00351092604056197,"Increased CC","Decreased GR","Increased CC
Decreased GR"
"362","8DF","chlorella",1,0.00208485219702527,0.997915147802975,0.00556066310664382,0.994439336893356,"Increased CC","Increased GR","Increased CC
Increased GR"
"363","9,1DF","chlorella",1,0.000696069316753372,0.999303930683247,0.00883417825909152,0.991165821740909,"Increased CC","Increased GR","Increased CC
Increased GR"
"364","9,2DF","chlorella",1,0.803340554755332,0.196659445244668,0.185974128197797,0.814025871802203,"No Significant CC Change","No Significant GR Change","No Significant CC Change
No Significant GR Change"
"365","90D3","scenedesmus",12,0.093155388894578,0.906844611105422,0.00135713963427532,0.998642860365725,"No Significant CC Change","Increased GR","No Significant CC Change
Increased GR"
"366","90DF","scenedesmus",15,0.136688525518865,0.863311474481135,0.937038550952032,0.0629614490479675,"No Significant CC Change","No Significant GR Change","No Significant CC Change
No Significant GR Change"
"367","91D3","scenedesmus",10,0.000917708129847541,0.999082291870153,0.0134120457392772,0.986587954260723,"Increased CC","Increased GR","Increased CC
Increased GR"
"368","91DF","scenedesmus",15,0.147048064867465,0.852951935132535,0.940146413874021,0.0598535861259786,"No Significant CC Change","No Significant GR Change","No Significant CC Change
No Significant GR Change"
"369","92D3","scenedesmus",10,0.0206819465048664,0.979318053495134,0.942843090355828,0.0571569096441715,"Increased CC","No Significant GR Change","Increased CC
No Significant GR Change"
"370","92DF","scenedesmus",15,0.154411998754386,0.845588001245614,0.934371131926398,0.0656288680736021,"No Significant CC Change","No Significant GR Change","No Significant CC Change
No Significant GR Change"
"371","93D3","scenedesmus",12,0.2178019913446,0.7821980086554,0.000417093131162519,0.999582906868838,"No Significant CC Change","Increased GR","No Significant CC Change
Increased GR"
"372","93DF","scenedesmus",15,0.16089829926379,0.83910170073621,0.934004941946389,0.0659950580536116,"No Significant CC Change","No Significant GR Change","No Significant CC Change
No Significant GR Change"
"373","94DF","monoraphidium",17,0.114891003971803,0.885108996028197,0.717149595133477,0.282850404866523,"No Significant CC Change","No Significant GR Change","No Significant CC Change
No Significant GR Change"
"374","95DF","monoraphidium",19,0.021043577896847,0.978956422103153,0.993556569191668,0.00644343080833219,"Increased CC","Decreased GR","Increased CC
Decreased GR"
"375","96DF","monoraphidium",17,0.200082979727732,0.799917020272268,0.73852564364547,0.26147435635453,"No Significant CC Change","No Significant GR Change","No Significant CC Change
No Significant GR Change"
"376","97DF","monoraphidium",20,0.459817026616848,0.540182973383152,0.509941347722285,0.490058652277715,"No Significant CC Change","No Significant GR Change","No Significant CC Change
No Significant GR Change"
"377","98D3","scenedesmus",10,0.0808497859678418,0.919150214032158,0.212228257722052,0.787771742277948,"No Significant CC Change","No Significant GR Change","No Significant CC Change
No Significant GR Change"
"378","98DF","monoraphidium",17,0.00986154225946391,0.990138457740536,0.712566117021391,0.287433882978609,"Increased CC","No Significant GR Change","Increased CC
No Significant GR Change"
"379","99D3","scenedesmus",12,0.162891923982495,0.837108076017505,0.0418210136287155,0.958178986371285,"No Significant CC Change","Increased GR","No Significant CC Change
Increased GR"
"380","99DF","monoraphidium",18,0.0688107358524097,0.93118926414759,0.278164320390978,0.721835679609022,"No Significant CC Change","No Significant GR Change","No Significant CC Change
No Significant GR Change"
"381","9D3","chlorella",3,0.761421007989834,0.238578992010166,0.975276819637685,0.0247231803623148,"No Significant CC Change","Decreased GR","No Significant CC Change
Decreased GR"
"382","9DF","chlorella",1,0.0767613138354418,0.923238686164558,0.507569426717697,0.492430573282303,"No Significant CC Change","No Significant GR Change","No Significant CC Change
No Significant GR Change"
