"","Isolate_Number","jar_no","host_species","Group","capture_day","seq_type"
"1","1_1D31","J1-","Chlorella","1point1D31","D31","Miseq"
"2","1_D3","J1-","Chlorella","1_D3","D3","Sanger"
"3","10_1D3","J2-","Chlorella","10point1D3","D3","Miseq"
"4","10D3","J2-","Chlorella","10D3","D3","Miseq"
"5","10OMO_D31","J2-","Chlorella","S10OMO","D31","Miseq"
"6","10P_D31","J2-","Chlorella","S10P","D31","Miseq"
"7","11_D31","J3-","Chlorella","11_DF","D31","Sanger"
"8","11_D31","J3-","Chlorella","S11","D31","Miseq"
"9","12_1D31","J3-","Chlorella","12point1D31","D31","Miseq"
"10","12_D31","J3-","Chlorella","S12","D31","Miseq"
"11","12D3","J2-","Chlorella","12D3","D3","Miseq"
"12","13_D31","J4-","Chlorella","S13","D31","Miseq"
"13","13D3","J2-","Chlorella","13D3","D3","Miseq"
"14","14D3","J2-","Chlorella","14D3","D3","Miseq"
"15","15_1D31","J4-","Chlorella","15point1D31","D31","Miseq"
"16","15_D31","J4-","Chlorella","S15","D31","Miseq"
"17","15D31","J4-","Chlorella","15D31","D31","Miseq"
"18","16_1D31","J4-","Chlorella","16point1D31","D31","Miseq"
"19","16_2D31","J4-","Chlorella","16point2D31","D31","Miseq"
"20","16_D31","J4-","Chlorella","S16","D31","Miseq"
"21","16D31","J4-","Chlorella","16D31","D31","Miseq"
"22","17_D3","J3-","Chlorella","17_D3","D3","Sanger"
"23","17A_D31","J4-","Chlorella","S17A","D31","Miseq"
"24","17B_D31","J4-","Chlorella","S17B","D31","Miseq"
"25","18_D31","J4-","Chlorella","S18","D31","Miseq"
"26","18D3","J3-","Chlorella","18D3","D3","Miseq"
"27","19AB_D31","J5-","Chlorella","S19AB","D31","Miseq"
"28","2_D3","J1-","Chlorella","2_D3","D3","Sanger"
"29","2_D31","J1-","Chlorella","S2","D31","Miseq"
"30","20_D3","J4-","Chlorella","20_D3","D3","Sanger"
"31","20_D31","J5-","Chlorella","S20","D31","Miseq"
"32","20D31","J5-","Chlorella","20D31","D31","Miseq"
"33","21_1D3","J4-","Chlorella","21point1D3","D3","Miseq"
"34","21_D3","J4-","Chlorella","21_D3","D3","Sanger"
"35","21_D31","J6-","Chlorella","S21","D31","Miseq"
"36","22_D3","J4-","Chlorella","22_D3","D3","Sanger"
"37","22_D31","J6-","Chlorella","S22","D31","Miseq"
"38","23_1D31","J7-","Chlorella","23point1D31","D31","Miseq"
"39","23_D3","J4-","Chlorella","23_D3","D3","Sanger"
"40","23P_D31","J7-","Chlorella","S23P","D31","Miseq"
"41","24_D31","J7-","Chlorella","S24","D31","Miseq"
"42","24D3","J5-","Chlorella","24D3","D3","Miseq"
"43","24D31","J7-","Chlorella","24D31","D31","Miseq"
"44","25_1D31","J7-","Chlorella","25point1D31","D31","Miseq"
"45","25_D3","J5-","Chlorella","25_D3","D3","Sanger"
"46","25_D31","J7-","Chlorella","S25","D31","Miseq"
"47","26_1D3","J5-","Chlorella","26point1D3","D3","Miseq"
"48","26_D3","J5-","Chlorella","26_D3","D3","Sanger"
"49","26_D31","J7-","Chlorella","S26","D31","Miseq"
"50","27_D3","J5-","Chlorella","27_D3","D3","Sanger"
"51","27_D31","J7-","Chlorella","S27","D31","Miseq"
"52","28_D3","J5-","Chlorella","28_D3","D3","Sanger"
"53","28_D31","J7-","Chlorella","S28","D31","Miseq"
"54","29_D3","J5-","Chlorella","29_D3","D3","Sanger"
"55","29_D31","J7-","Chlorella","S29","D31","Miseq"
"56","2D31","J1-","Chlorella","2D31","D31","Miseq"
"57","3_D3","J1-","Chlorella","3_D3","D3","Sanger"
"58","3_D31","J1-","Chlorella","S3","D31","Miseq"
"59","30_D3","J6-","Chlorella","30_D3","D3","Sanger"
"60","30W_D31","J7-","Chlorella","S30W","D31","Miseq"
"61","30Y32A_D31","J7-","Chlorella","S30Y32A","D31","Miseq"
"62","31_D3","J6-","Chlorella","31_D3","D3","Sanger"
"63","31_D31","J8-","Chlorella","S31","D31","Miseq"
"64","31D31","J8-","Chlorella","31D31","D31","Miseq"
"65","32AB_D31","J8-","Chlorella","S32AB","D31","Miseq"
"66","32D3","J6-","Chlorella","32D3","D3","Miseq"
"67","32D31","J8-","Chlorella","32D31","D31","Miseq"
"68","33_D3","J6-","Chlorella","33_D3","D3","Sanger"
"69","33_D31","J8-","Chlorella","S33","D31","Miseq"
"70","33PW_D31","J8-","Chlorella","S33PW","D31","Miseq"
"71","34_1D3","J6-","Chlorella","34point1D3","D3","Miseq"
"72","34_D3","J6-","Chlorella","34_D3","D3","Sanger"
"73","34_D31","J8-","Chlorella","34_DF","D31","Sanger"
"74","34_D31","J8-","Chlorella","S34","D31","Miseq"
"75","34D3","J6-","Chlorella","34D3","D3","Miseq"
"76","35_D3","J7-","Chlorella","35_D3","D3","Sanger"
"77","35D3","J7-","Chlorella","35D3","D3","Miseq"
"78","36_1D3","J7-","Chlorella","36point1D3","D3","Miseq"
"79","36_D3","J7-","Chlorella","36_D3","D3","Sanger"
"80","36D3","J7-","Chlorella","36D3","D3","Miseq"
"81","38_D3","J7-","Chlorella","38_D3","D3","Sanger"
"82","39D3","J7-","Chlorella","39D3","D3","Miseq"
"83","3D31","J1-","Chlorella","3D31","D31","Miseq"
"84","4_1D3","J1-","Chlorella","4point1D3","D3","Miseq"
"85","4_1D31","J3-","Chlorella","4point1D31","D31","Miseq"
"86","4_D3","J1-","Chlorella","4_D3","D3","Sanger"
"87","4_D31","J1-","Chlorella","4_DF","D31","Sanger"
"88","4_D31","J1-","Chlorella","S4","D31","Miseq"
"89","40_D3","J7-","Chlorella","40_D3","D3","Sanger"
"90","40D3","J7-","Chlorella","40D3","D3","Miseq"
"91","42_D3","J8-","Chlorella","42_D3","D3","Sanger"
"92","42D3","J8-","Chlorella","42D3","D3","Miseq"
"93","43_1_D3","J8-","Chlorella","43point1_D3","D3","Sanger"
"94","43_2_D3","J8-","Chlorella","43point2_D3","D3","Sanger"
"95","44_D3","J8-","Chlorella","44_D3","D3","Sanger"
"96","45_D3","J9-","Chlorella","45_D3","D3","Sanger"
"97","46D3","J9-","Chlorella","46D3","D3","Miseq"
"98","5_D3","J1-","Chlorella","5_D3","D3","Sanger"
"99","5_D31","J1-","Chlorella","S5","D31","Miseq"
"100","6_D3","J1-","Chlorella","6_D3","D3","Sanger"
"101","6_D31","J1-","Chlorella","6_DF","D31","Sanger"
"102","6_D31","J1-","Chlorella","S6","D31","Miseq"
"103","7_D3","J1-","Chlorella","7_D3","D3","Sanger"
"104","7_D31","J2-","Chlorella","7_DF","D31","Sanger"
"105","7_D31","J2-","Chlorella","S7","D31","Miseq"
"106","8_1D3","J1-","Chlorella","8point1D3","D3","Miseq"
"107","8_D3","J1-","Chlorella","8_D3","D3","Sanger"
"108","8_D31","J2-","Chlorella","8_DF","D31","Sanger"
"109","8_D31","J2-","Chlorella","S8","D31","Miseq"
"110","9_1D31","J2-","Chlorella","9point1D31","D31","Miseq"
"111","9_2D31","J2-","Chlorella","9point2D31","D31","Miseq"
"112","9D3","J2-","Chlorella","9D3","D3","Miseq"
"113","9D31","J2-","Chlorella","9D31","D31","Miseq"
"114","9RO_D31","J2-","Chlorella","S9RO","D31","Miseq"
"115","9W_D31","J2-","Chlorella","S9W","D31","Miseq"
"116","35D31","J10-","Coelastrum","35D31","D31","Miseq"
"117","37D31","J10-","Coelastrum","37D31","D31","Miseq"
"118","38D31","J10-","Coelastrum","38D31","D31","Miseq"
"119","40_1D31","J11-","Coelastrum","40point1D31","D31","Miseq"
"120","40D31","J11-","Coelastrum","40D31","D31","Miseq"
"121","41D31","J12-","Coelastrum","41D31","D31","Miseq"
"122","42D31","J12-","Coelastrum","42D31","D31","Miseq"
"123","43D31","J12-","Coelastrum","43D31","D31","Miseq"
"124","44D31","J12-","Coelastrum","44D31","D31","Miseq"
"125","45_1D31","J12-","Coelastrum","45point1D31","D31","Miseq"
"126","45_2D31","J12-","Coelastrum","45point2D31","D31","Miseq"
"127","45D31","J12-","Coelastrum","45D31","D31","Miseq"
"128","46_1D31","J13-","Coelastrum","46point1D31","D31","Miseq"
"129","46D31","J13-","Coelastrum","46D31","D31","Miseq"
"130","47_D3","J10-","Coelastrum","47_D3","D3","Sanger"
"131","47_D31","J13-","Coelastrum","47_DF","D31","Sanger"
"132","48D31","J14-","Coelastrum","48D31","D31","Miseq"
"133","49_D3","J10-","Coelastrum","49_D3","D3","Sanger"
"134","49D31","J14-","Coelastrum","49D31","D31","Miseq"
"135","50D31","J15-","Coelastrum","50D31","D31","Miseq"
"136","51D31","J15-","Coelastrum","51D31","D31","Miseq"
"137","52_1D31","J15-","Coelastrum","52point1D31","D31","Miseq"
"138","52_2D31","J15-","Coelastrum","52point2D31","D31","Miseq"
"139","52_D3","J11-","Coelastrum","52_D3","D3","Sanger"
"140","52D31","J15-","Coelastrum","52D31","D31","Miseq"
"141","53D3","J11-","Coelastrum","53D3","D3","Miseq"
"142","53D31","J15-","Coelastrum","53D31","D31","Miseq"
"143","54_1D3","J11-","Coelastrum","54point1D3","D3","Miseq"
"144","54_D3","J11-","Coelastrum","54_D3","D3","Sanger"
"145","54_D31","J16-","Coelastrum","54_DF","D31","Sanger"
"146","55_D31","J16-","Coelastrum","55_DF","D31","Sanger"
"147","56_D31","J16-","Coelastrum","56_DF","D31","Sanger"
"148","56D3","J11-","Coelastrum","56D3","D3","Miseq"
"149","57_1D31","J16-","Coelastrum","57point1D31","D31","Miseq"
"150","57_D31","J16-","Coelastrum","57_DF","D31","Sanger"
"151","57D3","J12-","Coelastrum","57D3","D3","Miseq"
"152","57D31","J16-","Coelastrum","57D31","D31","Miseq"
"153","58_1_D3","J12-","Coelastrum","58point1_D3","D3","Sanger"
"154","58_2_D3","J12-","Coelastrum","58point2_D3","D3","Sanger"
"155","58_2D3","J12-","Coelastrum","58point2D3","D3","Miseq"
"156","58_2D31","J16-","Coelastrum","58point2D31","D31","Miseq"
"157","58_D31","J16-","Coelastrum","58_DF","D31","Sanger"
"158","59_D3","J12-","Coelastrum","59_D3","D3","Sanger"
"159","59_D31","J16-","Coelastrum","59_DF","D31","Sanger"
"160","60_1D31","J17-","Coelastrum","60point1D31","D31","Miseq"
"161","60_D31","J17-","Coelastrum","60_DF","D31","Sanger"
"162","61_D3","J12-","Coelastrum","61_D3","D3","Sanger"
"163","61_D31","J17-","Coelastrum","61_DF","D31","Sanger"
"164","62_1_D31","J18-","Coelastrum","62point1_DF","D31","Sanger"
"165","62_1D3","J12-","Coelastrum","62point1D3","D3","Miseq"
"166","62_D3","J12-","Coelastrum","62_D3","D3","Sanger"
"167","63_D3","J13-","Coelastrum","63_D3","D3","Sanger"
"168","63_D31","J18-","Coelastrum","63_DF","D31","Sanger"
"169","63D3","J13-","Coelastrum","63D3","D3","Miseq"
"170","64D3","J13-","Coelastrum","64D3","D3","Miseq"
"171","65_1D3","J13-","Coelastrum","65point1D3","D3","Miseq"
"172","65D3","J13-","Coelastrum","65D3","D3","Miseq"
"173","66_D3","J13-","Coelastrum","66_D3","D3","Sanger"
"174","66D3","J13-","Coelastrum","66D3","D3","Miseq"
"175","67_D3","J14-","Coelastrum","67_D3","D3","Sanger"
"176","68_D3","J14-","Coelastrum","68_D3","D3","Sanger"
"177","69D3","J14-","Coelastrum","69D3","D3","Miseq"
"178","72_D3","J16-","Coelastrum","72_D3","D3","Sanger"
"179","75_D3","J16-","Coelastrum","75_D3","D3","Sanger"
"180","76D3","J16-","Coelastrum","76D3","D3","Miseq"
"181","77_D3","J17-","Coelastrum","77_D3","D3","Sanger"
"182","77D3","J17-","Coelastrum","77D3","D3","Miseq"
"183","78_D3","J17-","Coelastrum","78_D3","D3","Sanger"
"184","80D3","J17-","Coelastrum","80D3","D3","Miseq"
"185","81D3","J17-","Coelastrum","81D3","D3","Miseq"
"186","82_D3","J17-","Coelastrum","82_D3","D3","Sanger"
"187","83D3","J18-","Coelastrum","83D3","D3","Miseq"
"188","84_D3","J18-","Coelastrum","84_D3","D3","Sanger"
"189","85_D3","J18-","Coelastrum","85_D3","D3","Sanger"
"190","86_D3","J18-","Coelastrum","86_D3","D3","Sanger"
"191","86D3","J18-","Coelastrum","86D3","D3","Miseq"
"192","100D31","J29-","Monoraphidium","100D31","D31","Miseq"
"193","101D31","J30-","Monoraphidium","101D31","D31","Miseq"
"194","102D31","J30-","Monoraphidium","102D31","D31","Miseq"
"195","103_1D31","J30-","Monoraphidium","103point1D31","D31","Miseq"
"196","103D31","J30-","Monoraphidium","103D31","D31","Miseq"
"197","104D31","J30-","Monoraphidium","104D31","D31","Miseq"
"198","106D31","J31-","Monoraphidium","106D31","D31","Miseq"
"199","107D31","J31-","Monoraphidium","107D31","D31","Miseq"
"200","109D31","J33-","Monoraphidium","109D31","D31","Miseq"
"201","110D31","J33-","Monoraphidium","110D31","D31","Miseq"
"202","111_1D31","J33-","Monoraphidium","111point1D31","D31","Miseq"
"203","111_2D31","J33-","Monoraphidium","111point2D31","D31","Miseq"
"204","112_1D31","J33-","Monoraphidium","112point1D31","D31","Miseq"
"205","112_2D31","J33-","Monoraphidium","112point2D31","D31","Miseq"
"206","113_1D31","J33-","Monoraphidium","113point1D31","D31","Miseq"
"207","113_2D31","J33-","Monoraphidium","113point2D31","D31","Miseq"
"208","113_3D31","J34-","Monoraphidium","113point3D31","D31","Miseq"
"209","114D31","J35-","Monoraphidium","114D31","D31","Miseq"
"210","115D31","J35-","Monoraphidium","115D31","D31","Miseq"
"211","116D31","J35-","Monoraphidium","116D31","D31","Miseq"
"212","117_1D31","J35-","Monoraphidium","117point1D31","D31","Miseq"
"213","117D31","J35-","Monoraphidium","117D31","D31","Miseq"
"214","118D31","J35-","Monoraphidium","118D31","D31","Miseq"
"215","119D31","J35-","Monoraphidium","119D31","D31","Miseq"
"216","120D31","J35-","Monoraphidium","120D31","D31","Miseq"
"217","121D31","J36-","Monoraphidium","121D31","D31","Miseq"
"218","122D31","J36-","Monoraphidium","122D31","D31","Miseq"
"219","156D3","J28-","Monoraphidium","156D3","D3","Miseq"
"220","157D3","J28-","Monoraphidium","157D3","D3","Miseq"
"221","158D3","J28-","Monoraphidium","158D3","D3","Miseq"
"222","159_1D3","J28-","Monoraphidium","159point1D3","D3","Miseq"
"223","159_D3","J28-","Monoraphidium","159_D3","D3","Sanger"
"224","160D3","J28-","Monoraphidium","160D3","D3","Miseq"
"225","161D3","J28-","Monoraphidium","161D3","D3","Miseq"
"226","162_D3","J29-","Monoraphidium","162_D3","D3","Sanger"
"227","163_D3","J29-","Monoraphidium","163_D3","D3","Sanger"
"228","163D3","J29-","Monoraphidium","163D3","D3","Miseq"
"229","165D3","J29-","Monoraphidium","165D3","D3","Miseq"
"230","166_D3","J29-","Monoraphidium","166_D3","D3","Sanger"
"231","167_D3","J29-","Monoraphidium","167_D3","D3","Sanger"
"232","168D3","J29-","Monoraphidium","168D3","D3","Miseq"
"233","169_D3","J29-","Monoraphidium","169_D3","D3","Sanger"
"234","170_D3","J29-","Monoraphidium","170_D3","D3","Sanger"
"235","171D3","J30-","Monoraphidium","171D3","D3","Miseq"
"236","172D3","J30-","Monoraphidium","172D3","D3","Miseq"
"237","173_D3","J30-","Monoraphidium","173_D3","D3","Sanger"
"238","174_D3","J31-","Monoraphidium","174_D3","D3","Sanger"
"239","175D3","J31-","Monoraphidium","175D3","D3","Miseq"
"240","176_D3","J31-","Monoraphidium","176_D3","D3","Sanger"
"241","177D3","J31-","Monoraphidium","177D3","D3","Miseq"
"242","178_D3","J32-","Monoraphidium","178_D3","D3","Sanger"
"243","179D3","J32-","Monoraphidium","179D3","D3","Miseq"
"244","180D3","J32-","Monoraphidium","180D3","D3","Miseq"
"245","181D3","J32-","Monoraphidium","181D3","D3","Miseq"
"246","182D3","J32-","Monoraphidium","182D3","D3","Miseq"
"247","183_1D3","J32-","Monoraphidium","183point1D3","D3","Miseq"
"248","183D3","J32-","Monoraphidium","183D3","D3","Miseq"
"249","184_D3","J32-","Monoraphidium","184_D3","D3","Sanger"
"250","185_D3","J33-","Monoraphidium","185_D3","D3","Sanger"
"251","185D3","J33-","Monoraphidium","185D3","D3","Miseq"
"252","186_D3","J33-","Monoraphidium","186_D3","D3","Sanger"
"253","187D3","J33-","Monoraphidium","187D3","D3","Miseq"
"254","188D3","J33-","Monoraphidium","188D3","D3","Miseq"
"255","189_D3","J31-","Monoraphidium","189_D3","D3","Sanger"
"256","190D3","J33-","Monoraphidium","190D3","D3","Miseq"
"257","191_D3","J33-","Monoraphidium","191_D3","D3","Sanger"
"258","192_D3","J33-","Monoraphidium","192_D3","D3","Sanger"
"259","193_D3","J33-","Monoraphidium","193_D3","D3","Sanger"
"260","194_1D3","J33-","Monoraphidium","194point1D3","D3","Miseq"
"261","194_D3","J33-","Monoraphidium","194_D3","D3","Sanger"
"262","196_D3","J34-","Monoraphidium","196_D3","D3","Sanger"
"263","197D3","J34-","Monoraphidium","197D3","D3","Miseq"
"264","198D3","J35-","Monoraphidium","198D3","D3","Miseq"
"265","199_1D3","J35-","Monoraphidium","199point1D3","D3","Miseq"
"266","200D3","J36-","Monoraphidium","200D3","D3","Miseq"
"267","201D3","J36-","Monoraphidium","201D3","D3","Miseq"
"268","94D31","J28-","Monoraphidium","94D31","D31","Miseq"
"269","95D31","J28-","Monoraphidium","95D31","D31","Miseq"
"270","96D31","J28-","Monoraphidium","96D31","D31","Miseq"
"271","97D31","J29-","Monoraphidium","97D31","D31","Miseq"
"272","98D31","J29-","Monoraphidium","98D31","D31","Miseq"
"273","99D31","J29-","Monoraphidium","99D31","D31","Miseq"
"274","100_D3","J20-","Scenedesmus","100_D3","D3","Sanger"
"275","101_D3","J20-","Scenedesmus","101_D3","D3","Sanger"
"276","101D3","J20-","Scenedesmus","101D3","D3","Miseq"
"277","103_D3","J20-","Scenedesmus","103_D3","D3","Sanger"
"278","103D3","J20-","Scenedesmus","103D3","D3","Miseq"
"279","104_D3","J20-","Scenedesmus","104_D3","D3","Sanger"
"280","105D3","J20-","Scenedesmus","105D3","D3","Miseq"
"281","106_D3","J20-","Scenedesmus","106_D3","D3","Sanger"
"282","107_D3","J20-","Scenedesmus","107_D3","D3","Sanger"
"283","107D3","J20-","Scenedesmus","107D3","D3","Miseq"
"284","108_D3","J20-","Scenedesmus","108_D3","D3","Sanger"
"285","108D3","J20-","Scenedesmus","108D3","D3","Miseq"
"286","109_D3","J20-","Scenedesmus","109_D3","D3","Sanger"
"287","110_D3","J20-","Scenedesmus","110_D3","D3","Sanger"
"288","110D3","J20-","Scenedesmus","110D3","D3","Miseq"
"289","111_D3","J20-","Scenedesmus","111_D3","D3","Sanger"
"290","113D3","J20-","Scenedesmus","113D3","D3","Miseq"
"291","114_D3","J21-","Scenedesmus","114_D3","D3","Sanger"
"292","115D3","J21-","Scenedesmus","115D3","D3","Miseq"
"293","116D3","J21-","Scenedesmus","116D3","D3","Miseq"
"294","117D3","J21-","Scenedesmus","117D3","D3","Miseq"
"295","118D3","J21-","Scenedesmus","118D3","D3","Miseq"
"296","119_D3","J21-","Scenedesmus","119_D3","D3","Sanger"
"297","119D3","J21-","Scenedesmus","119D3","D3","Miseq"
"298","120_D3","J22-","Scenedesmus","120_D3","D3","Sanger"
"299","120D3","J22-","Scenedesmus","120D3","D3","Miseq"
"300","121D3","J22-","Scenedesmus","121D3","D3","Miseq"
"301","122_D3","J22-","Scenedesmus","122_D3","D3","Sanger"
"302","123_D3","J22-","Scenedesmus","123_D3","D3","Sanger"
"303","124_D3","J22-","Scenedesmus","124_D3","D3","Sanger"
"304","124D3","J22-","Scenedesmus","124D3","D3","Miseq"
"305","125D3","J23-","Scenedesmus","125D3","D3","Miseq"
"306","126D3","J23-","Scenedesmus","126D3","D3","Miseq"
"307","127_1D3","J23-","Scenedesmus","127point1D3","D3","Miseq"
"308","127D3","J23-","Scenedesmus","127D3","D3","Miseq"
"309","128_D3","J24-","Scenedesmus","128_D3","D3","Sanger"
"310","129_D3","J24-","Scenedesmus","129_D3","D3","Sanger"
"311","130D3","J24-","Scenedesmus","130D3","D3","Miseq"
"312","131_1D3","J24-","Scenedesmus","131point1D3","D3","Miseq"
"313","131D3","J24-","Scenedesmus","131D3","D3","Miseq"
"314","132_1D3","J24-","Scenedesmus","132point1D3","D3","Miseq"
"315","132_D3","J24-","Scenedesmus","132_D3","D3","Sanger"
"316","133D3","J24-","Scenedesmus","133D3","D3","Miseq"
"317","134_D3","J24-","Scenedesmus","134_D3","D3","Sanger"
"318","135D3","J24-","Scenedesmus","135D3","D3","Miseq"
"319","136D3","J24-","Scenedesmus","136D3","D3","Miseq"
"320","137D3","J24-","Scenedesmus","137D3","D3","Miseq"
"321","139D3","J24-","Scenedesmus","139D3","D3","Miseq"
"322","141D3","J25-","Scenedesmus","141D3","D3","Miseq"
"323","142_D3","J25-","Scenedesmus","142_D3","D3","Sanger"
"324","143_D3","J25-","Scenedesmus","143_D3","D3","Sanger"
"325","143D3","J25-","Scenedesmus","143D3","D3","Miseq"
"326","146_D3","J26-","Scenedesmus","146_D3","D3","Sanger"
"327","147_D3","J26-","Scenedesmus","147_D3","D3","Sanger"
"328","147D3","J26-","Scenedesmus","147D3","D3","Miseq"
"329","148_D3","J26-","Scenedesmus","148_D3","D3","Sanger"
"330","149D3","J26-","Scenedesmus","149D3","D3","Miseq"
"331","150D3","J27-","Scenedesmus","150D3","D3","Miseq"
"332","152D3","J27-","Scenedesmus","152D3","D3","Miseq"
"333","153D3","J27-","Scenedesmus","153D3","D3","Miseq"
"334","154_D3","J27-","Scenedesmus","154_D3","D3","Sanger"
"335","154D31","J20-","Scenedesmus","154D31","D31","Miseq"
"336","155D3","J27-","Scenedesmus","155D3","D3","Miseq"
"337","64_D31","J19-","Scenedesmus","64_DF","D31","Sanger"
"338","65D31","J19-","Scenedesmus","65D31","D31","Miseq"
"339","66D31","J19-","Scenedesmus","66D31","D31","Miseq"
"340","67_D31","J20-","Scenedesmus","67_DF","D31","Sanger"
"341","68_D31","J20-","Scenedesmus","68_DF","D31","Sanger"
"342","69_D31","J20-","Scenedesmus","69_DF","D31","Sanger"
"343","70D31","J20-","Scenedesmus","70D31","D31","Miseq"
"344","71D31","J20-","Scenedesmus","71D31","D31","Miseq"
"345","72_D31","J21-","Scenedesmus","72_DF","D31","Sanger"
"346","73D31","J21-","Scenedesmus","73D31","D31","Miseq"
"347","74_D31","J22-","Scenedesmus","74_DF","D31","Sanger"
"348","75D31","J22-","Scenedesmus","75D31","D31","Miseq"
"349","76D31","J22-","Scenedesmus","76D31","D31","Miseq"
"350","77D31","J22-","Scenedesmus","77D31","D31","Miseq"
"351","78D31","J22-","Scenedesmus","78D31","D31","Miseq"
"352","79_1D31","J23-","Scenedesmus","79point1D31","D31","Miseq"
"353","79D31","J23-","Scenedesmus","79D31","D31","Miseq"
"354","80D31","J23-","Scenedesmus","80D31","D31","Miseq"
"355","81D31","J24-","Scenedesmus","81D31","D31","Miseq"
"356","82D31","J24-","Scenedesmus","82D31","D31","Miseq"
"357","83D31","J24-","Scenedesmus","83D31","D31","Miseq"
"358","84D31","J25-","Scenedesmus","84D31","D31","Miseq"
"359","85D31","J25-","Scenedesmus","85D31","D31","Miseq"
"360","86D31","J25-","Scenedesmus","86D31","D31","Miseq"
"361","87_D3","J19-","Scenedesmus","87_D3","D3","Sanger"
"362","87D31","J26-","Scenedesmus","87D31","D31","Miseq"
"363","88D3","J19-","Scenedesmus","88D3","D3","Miseq"
"364","88D31","J26-","Scenedesmus","88D31","D31","Miseq"
"365","89D3","J19-","Scenedesmus","89D3","D3","Miseq"
"366","89D31","J26-","Scenedesmus","89D31","D31","Miseq"
"367","90D3","J19-","Scenedesmus","90D3","D3","Miseq"
"368","90D31","J26-","Scenedesmus","90D31","D31","Miseq"
"369","91_D3","J19-","Scenedesmus","91_D3","D3","Sanger"
"370","91D31","J27-","Scenedesmus","91D31","D31","Miseq"
"371","92D3","J20-","Scenedesmus","92D3","D3","Miseq"
"372","92D31","J27-","Scenedesmus","92D31","D31","Miseq"
"373","93D3","J19-","Scenedesmus","93D3","D3","Miseq"
"374","93D31","J27-","Scenedesmus","93D31","D31","Miseq"
"375","94D3","J21-","Scenedesmus","94D3","D3","Miseq"
"376","98_D3","J20-","Scenedesmus","98_D3","D3","Sanger"
"377","99_D3","J20-","Scenedesmus","99_D3","D3","Sanger"
"378","99D3","J20-","Scenedesmus","99D3","D3","Miseq"
"379","123D31","J37-","Selenastrum","123D31","D31","Miseq"
"380","124_1D31","J37-","Selenastrum","124point1D31","D31","Miseq"
"381","124_2D31","J37-","Selenastrum","124point2D31","D31","Miseq"
"382","124_3D31","J37-","Selenastrum","124point3D31","D31","Miseq"
"383","124_4D31","J37-","Selenastrum","124point4D31","D31","Miseq"
"384","125_D31","J38-","Selenastrum","125_DF","D31","Sanger"
"385","126D31","J38-","Selenastrum","126D31","D31","Miseq"
"386","127D31","J38-","Selenastrum","127D31","D31","Miseq"
"387","128_1D31","J39-","Selenastrum","128point1D31","D31","Miseq"
"388","128D31","J39-","Selenastrum","128D31","D31","Miseq"
"389","129D31","J39-","Selenastrum","129D31","D31","Miseq"
"390","130D31","J39-","Selenastrum","130D31","D31","Miseq"
"391","131D31","J39-","Selenastrum","131D31","D31","Miseq"
"392","132_1D31","J39-","Selenastrum","132point1D31","D31","Miseq"
"393","132D31","J39-","Selenastrum","132D31","D31","Miseq"
"394","133_D31","J39-","Selenastrum","133_DF","D31","Sanger"
"395","134D31","J40-","Selenastrum","134D31","D31","Miseq"
"396","135D31","J40-","Selenastrum","135D31","D31","Miseq"
"397","136_1D31","J40-","Selenastrum","136point1D31","D31","Miseq"
"398","136D31","J40-","Selenastrum","136D31","D31","Miseq"
"399","137D31","J41-","Selenastrum","137D31","D31","Miseq"
"400","138D31","J41-","Selenastrum","138D31","D31","Miseq"
"401","139D31","J42-","Selenastrum","139D31","D31","Miseq"
"402","140_1D31","J42-","Selenastrum","140point1D31","D31","Miseq"
"403","140D31","J42-","Selenastrum","140D31","D31","Miseq"
"404","141_1D31","J42-","Selenastrum","141point1D31","D31","Miseq"
"405","141D31","J42-","Selenastrum","141D31","D31","Miseq"
"406","142_1D31","J42-","Selenastrum","142point1D31","D31","Miseq"
"407","142D31","J42-","Selenastrum","142D31","D31","Miseq"
"408","143_1D31","J43-","Selenastrum","143point1D31","D31","Miseq"
"409","143D31","J43-","Selenastrum","143D31","D31","Miseq"
"410","144_1D31","J43-","Selenastrum","144point1D31","D31","Miseq"
"411","145D31","J43-","Selenastrum","145D31","D31","Miseq"
"412","146D31","J43-","Selenastrum","146D31","D31","Miseq"
"413","147D31","J44-","Selenastrum","147D31","D31","Miseq"
"414","148D31","J44-","Selenastrum","148D31","D31","Miseq"
"415","149D31","J44-","Selenastrum","149D31","D31","Miseq"
"416","150_1D31","J44-","Selenastrum","150point1D31","D31","Miseq"
"417","150D31","J44-","Selenastrum","150D31","D31","Miseq"
"418","151D31","J45-","Selenastrum","151D31","D31","Miseq"
"419","153D31","J45-","Selenastrum","153D31","D31","Miseq"
"420","202_D3","J37-","Selenastrum","202_D3","D3","Sanger"
"421","202D3","J37-","Selenastrum","202D3","D3","Miseq"
"422","203D3","J37-","Selenastrum","203D3","D3","Miseq"
"423","204D3","J37-","Selenastrum","204D3","D3","Miseq"
"424","205D3","J37-","Selenastrum","205D3","D3","Miseq"
"425","206_D3","J37-","Selenastrum","206_D3","D3","Sanger"
"426","206D3","J37-","Selenastrum","206D3","D3","Miseq"
"427","207D3","J37-","Selenastrum","207D3","D3","Miseq"
"428","208D3","J37-","Selenastrum","208D3","D3","Miseq"
"429","209D3","J37-","Selenastrum","209D3","D3","Miseq"
"430","210_D3","J38-","Selenastrum","210_D3","D3","Sanger"
"431","211_D3","J38-","Selenastrum","211_D3","D3","Sanger"
"432","213D3","J38-","Selenastrum","213D3","D3","Miseq"
"433","214D3","J38-","Selenastrum","214D3","D3","Miseq"
"434","215_D3","J38-","Selenastrum","215_D3","D3","Sanger"
"435","217_D3","J38-","Selenastrum","217_D3","D3","Sanger"
"436","217D3","J38-","Selenastrum","217D3","D3","Miseq"
"437","218_D3","J38-","Selenastrum","218_D3","D3","Sanger"
"438","218D3","J38-","Selenastrum","218D3","D3","Miseq"
"439","219_D3","J39-","Selenastrum","219_D3","D3","Sanger"
"440","220_D3","J39-","Selenastrum","220_D3","D3","Sanger"
"441","221_D3","J39-","Selenastrum","221_D3","D3","Sanger"
"442","222_D3","J39-","Selenastrum","222_D3","D3","Sanger"
"443","223_D3","J39-","Selenastrum","223_D3","D3","Sanger"
"444","224_D3","J39-","Selenastrum","224_D3","D3","Sanger"
"445","225_D3","J39-","Selenastrum","225_D3","D3","Sanger"
"446","226_D3","J40-","Selenastrum","226_D3","D3","Sanger"
"447","228_D3","J40-","Selenastrum","228_D3","D3","Sanger"
"448","229D3","J40-","Selenastrum","229D3","D3","Miseq"
"449","230_D3","J40-","Selenastrum","230_D3","D3","Sanger"
"450","231D3","J40-","Selenastrum","231D3","D3","Miseq"
"451","232D3","J41-","Selenastrum","232D3","D3","Miseq"
"452","233D3","J41-","Selenastrum","233D3","D3","Miseq"
"453","234D3","J41-","Selenastrum","234D3","D3","Miseq"
"454","235D3","J42-","Selenastrum","235D3","D3","Miseq"
"455","236D3","J42-","Selenastrum","236D3","D3","Miseq"
"456","237D3","J42-","Selenastrum","237D3","D3","Miseq"
"457","238D3","J42-","Selenastrum","238D3","D3","Miseq"
"458","239D3","J42-","Selenastrum","239D3","D3","Miseq"
"459","240_D3","J43-","Selenastrum","240_D3","D3","Sanger"
"460","241_D3","J43-","Selenastrum","241_D3","D3","Sanger"
"461","243_D3","J43-","Selenastrum","243_D3","D3","Sanger"
"462","244_D3","J44-","Selenastrum","244_D3","D3","Sanger"
"463","245D3","J44-","Selenastrum","245D3","D3","Miseq"
"464","246_D3","J44-","Selenastrum","246_D3","D3","Sanger"
"465","247_D3","J44-","Selenastrum","247_D3","D3","Sanger"
"466","248_D3","J45-","Selenastrum","248_D3","D3","Sanger"
"467","250_D3","J45-","Selenastrum","250_D3","D3","Sanger"
"468","250D3","J45-","Selenastrum","250D3","D3","Miseq"
