"otu","Isolate","count","totalReads","otuMatches","readType","contamFlag","numOTUs","mixed","Domain","Phylum","Class","Order","Family","Genus"
"Otu00002","101D3",913,999,85,"miseq",FALSE,1,FALSE,"Bacteria","Proteobacteria","Betaproteobacteria","Burkholderiales","Comamonadaceae","Acidovorax"
"Otu00002","103D3",910,998,84,"miseq",FALSE,1,FALSE,"Bacteria","Proteobacteria","Betaproteobacteria","Burkholderiales","Comamonadaceae","Acidovorax"
"Otu00002","117D3",924,1000,77,"miseq",FALSE,1,FALSE,"Bacteria","Proteobacteria","Betaproteobacteria","Burkholderiales","Comamonadaceae","Acidovorax"
"Otu00002","119D3",815,997,65,"miseq",FALSE,1,FALSE,"Bacteria","Proteobacteria","Betaproteobacteria","Burkholderiales","Comamonadaceae","Acidovorax"
"Otu00002","127,1D3",944,1000,57,"miseq",FALSE,1,FALSE,"Bacteria","Proteobacteria","Betaproteobacteria","Burkholderiales","Comamonadaceae","Acidovorax"
"Otu00002","127D3",920,1000,79,"miseq",FALSE,1,FALSE,"Bacteria","Proteobacteria","Betaproteobacteria","Burkholderiales","Comamonadaceae","Acidovorax"
"Otu00002","137D3",926,999,74,"miseq",FALSE,1,FALSE,"Bacteria","Proteobacteria","Betaproteobacteria","Burkholderiales","Comamonadaceae","Acidovorax"
"Otu00002","139D3",934,999,66,"miseq",FALSE,1,FALSE,"Bacteria","Proteobacteria","Betaproteobacteria","Burkholderiales","Comamonadaceae","Acidovorax"
"Otu00002","141D3",913,999,62,"miseq",FALSE,1,FALSE,"Bacteria","Proteobacteria","Betaproteobacteria","Burkholderiales","Comamonadaceae","Acidovorax"
"Otu00002","143D3",879,996,115,"miseq",FALSE,1,FALSE,"Bacteria","Proteobacteria","Betaproteobacteria","Burkholderiales","Comamonadaceae","Acidovorax"
"Otu00002","147D3",906,1000,89,"miseq",FALSE,1,FALSE,"Bacteria","Proteobacteria","Betaproteobacteria","Burkholderiales","Comamonadaceae","Acidovorax"
"Otu00002","14D3",119,156,38,"miseq",FALSE,1,FALSE,"Bacteria","Proteobacteria","Betaproteobacteria","Burkholderiales","Comamonadaceae","Acidovorax"
"Otu00002","156D3",889,998,103,"miseq",FALSE,1,FALSE,"Bacteria","Proteobacteria","Betaproteobacteria","Burkholderiales","Comamonadaceae","Acidovorax"
"Otu00002","158D3",877,1000,117,"miseq",FALSE,1,FALSE,"Bacteria","Proteobacteria","Betaproteobacteria","Burkholderiales","Comamonadaceae","Acidovorax"
"Otu00002","163D3",910,993,84,"miseq",FALSE,1,FALSE,"Bacteria","Proteobacteria","Betaproteobacteria","Burkholderiales","Comamonadaceae","Acidovorax"
"Otu00002","185D3",896,998,64,"miseq",FALSE,1,FALSE,"Bacteria","Proteobacteria","Betaproteobacteria","Burkholderiales","Comamonadaceae","Acidovorax"
"Otu00002","206D3",931,999,69,"miseq",FALSE,1,FALSE,"Bacteria","Proteobacteria","Betaproteobacteria","Burkholderiales","Comamonadaceae","Acidovorax"
"Otu00002","218D3",889,989,80,"miseq",FALSE,1,FALSE,"Bacteria","Proteobacteria","Betaproteobacteria","Burkholderiales","Comamonadaceae","Acidovorax"
"Otu00002","24D3",856,982,71,"miseq",FALSE,1,FALSE,"Bacteria","Proteobacteria","Betaproteobacteria","Burkholderiales","Comamonadaceae","Acidovorax"
"Otu00002","250D3",906,996,78,"miseq",FALSE,1,FALSE,"Bacteria","Proteobacteria","Betaproteobacteria","Burkholderiales","Comamonadaceae","Acidovorax"
"Otu00002","34,1D3",773,908,78,"miseq",FALSE,1,FALSE,"Bacteria","Proteobacteria","Betaproteobacteria","Burkholderiales","Comamonadaceae","Acidovorax"
"Otu00002","34D3",395,530,73,"miseq",FALSE,1,FALSE,"Bacteria","Proteobacteria","Betaproteobacteria","Burkholderiales","Comamonadaceae","Acidovorax"
"Otu00002","35D3",901,998,92,"miseq",FALSE,1,FALSE,"Bacteria","Proteobacteria","Betaproteobacteria","Burkholderiales","Comamonadaceae","Acidovorax"
"Otu00002","36D3",919,997,61,"miseq",FALSE,1,FALSE,"Bacteria","Proteobacteria","Betaproteobacteria","Burkholderiales","Comamonadaceae","Acidovorax"
"Otu00002","39D3",814,976,51,"miseq",FALSE,1,FALSE,"Bacteria","Proteobacteria","Betaproteobacteria","Burkholderiales","Comamonadaceae","Acidovorax"
"Otu00002","40D3",369,415,39,"miseq",FALSE,1,FALSE,"Bacteria","Proteobacteria","Betaproteobacteria","Burkholderiales","Comamonadaceae","Acidovorax"
"Otu00002","4,1D3",13,92,58,"miseq",FALSE,1,FALSE,"Bacteria","Proteobacteria","Betaproteobacteria","Burkholderiales","Comamonadaceae","Acidovorax"
"Otu00002","58,2D3",927,999,72,"miseq",FALSE,1,FALSE,"Bacteria","Proteobacteria","Betaproteobacteria","Burkholderiales","Comamonadaceae","Acidovorax"
"Otu00002","77D3",863,973,102,"miseq",FALSE,1,FALSE,"Bacteria","Proteobacteria","Betaproteobacteria","Burkholderiales","Comamonadaceae","Acidovorax"
"Otu00025","161D3",918,1000,71,"miseq",FALSE,1,FALSE,"Bacteria","Proteobacteria","Betaproteobacteria","Burkholderiales","Comamonadaceae","Acidovorax"
"Otu00025","42D3",904,997,81,"miseq",FALSE,1,FALSE,"Bacteria","Proteobacteria","Betaproteobacteria","Burkholderiales","Comamonadaceae","Acidovorax"
"Otu00025","62,1D3",801,978,109,"miseq",FALSE,1,FALSE,"Bacteria","Proteobacteria","Betaproteobacteria","Burkholderiales","Comamonadaceae","Acidovorax"
"Otu00035","15DF",913,999,87,"miseq",FALSE,1,FALSE,"Bacteria","Proteobacteria","Betaproteobacteria","Burkholderiales","Comamonadaceae","Hydrogenophaga"
"Otu00011","102DF",946,999,54,"miseq",FALSE,1,FALSE,"Bacteria","Proteobacteria","Betaproteobacteria","Burkholderiales","Comamonadaceae","Hydrogenophaga"
"Otu00011","148DF",948,999,51,"miseq",FALSE,1,FALSE,"Bacteria","Proteobacteria","Betaproteobacteria","Burkholderiales","Comamonadaceae","Hydrogenophaga"
"Otu00011","75DF",931,999,69,"miseq",FALSE,1,FALSE,"Bacteria","Proteobacteria","Betaproteobacteria","Burkholderiales","Comamonadaceae","Hydrogenophaga"
"Otu00011","79,1DF",960,1000,41,"miseq",FALSE,1,FALSE,"Bacteria","Proteobacteria","Betaproteobacteria","Burkholderiales","Comamonadaceae","Hydrogenophaga"
"Otu00011","99DF",838,998,34,"miseq",FALSE,1,FALSE,"Bacteria","Proteobacteria","Betaproteobacteria","Burkholderiales","Comamonadaceae","Hydrogenophaga"
"Otu00032","146DF",933,999,67,"miseq",FALSE,1,FALSE,"Bacteria","Proteobacteria","Betaproteobacteria","Burkholderiales","Comamonadaceae","Hydrogenophaga"
"Otu00032","20DF",855,999,84,"miseq",FALSE,1,FALSE,"Bacteria","Proteobacteria","Betaproteobacteria","Burkholderiales","Comamonadaceae","Hydrogenophaga"
"Otu00039","86D3",929,996,60,"miseq",FALSE,1,FALSE,"Bacteria","Proteobacteria","Betaproteobacteria","Burkholderiales","Comamonadaceae","Pelomonas"
"Otu00051","80D3",681,950,95,"miseq",FALSE,1,FALSE,"Bacteria","Proteobacteria","Betaproteobacteria","Burkholderiales","Comamonadaceae","Comamonadaceae_unclassified"
"Otu00066","124,4DF",954,998,45,"miseq",FALSE,1,FALSE,"Bacteria","Proteobacteria","Betaproteobacteria","Burkholderiales","Burkholderiales_unclassified","Burkholderiales_unclassified"
"Otu00061","88D3",846,992,36,"miseq",FALSE,1,FALSE,"Bacteria","Proteobacteria","Gammaproteobacteria","Pseudomonadales","Pseudomonadaceae","Pseudomonas"
"Otu00090","131,1D3",159,184,21,"miseq",FALSE,1,FALSE,"Bacteria","Proteobacteria","Gammaproteobacteria","Pseudomonadales","Pseudomonadaceae","Pseudomonas"
"Otu00090","31DF",222,280,32,"miseq",FALSE,1,FALSE,"Bacteria","Proteobacteria","Gammaproteobacteria","Pseudomonadales","Pseudomonadaceae","Pseudomonas"
"Otu00090","43DF",4,32,29,"miseq",FALSE,1,FALSE,"Bacteria","Proteobacteria","Gammaproteobacteria","Pseudomonadales","Pseudomonadaceae","Pseudomonas"
"Otu00013","180D3",974,990,16,"miseq",FALSE,1,FALSE,"Bacteria","Proteobacteria","Gammaproteobacteria","Pseudomonadales","Pseudomonadaceae","Pseudomonas"
"Otu00013","181D3",991,999,8,"miseq",FALSE,1,FALSE,"Bacteria","Proteobacteria","Gammaproteobacteria","Pseudomonadales","Pseudomonadaceae","Pseudomonas"
"Otu00013","198D3",925,996,18,"miseq",FALSE,1,FALSE,"Bacteria","Proteobacteria","Gammaproteobacteria","Pseudomonadales","Pseudomonadaceae","Pseudomonas"
"Otu00013","200D3",987,998,12,"miseq",FALSE,1,FALSE,"Bacteria","Proteobacteria","Gammaproteobacteria","Pseudomonadales","Pseudomonadaceae","Pseudomonas"
"Otu00053","118DF",859,993,33,"miseq",FALSE,1,FALSE,"Bacteria","Proteobacteria","Gammaproteobacteria","Pseudomonadales","Pseudomonadaceae","Pseudomonas"
"Otu00017","136D3",886,992,34,"miseq",FALSE,1,FALSE,"Bacteria","Proteobacteria","Gammaproteobacteria","Pseudomonadales","Pseudomonadaceae","Pseudomonas"
"Otu00017","175D3",935,997,47,"miseq",FALSE,1,FALSE,"Bacteria","Proteobacteria","Gammaproteobacteria","Pseudomonadales","Pseudomonadaceae","Pseudomonas"
"Otu00017","235D3",566,633,35,"miseq",FALSE,1,FALSE,"Bacteria","Proteobacteria","Gammaproteobacteria","Pseudomonadales","Pseudomonadaceae","Pseudomonas"
"Otu00017","239D3",885,909,25,"miseq",FALSE,1,FALSE,"Bacteria","Proteobacteria","Gammaproteobacteria","Pseudomonadales","Pseudomonadaceae","Pseudomonas"
"Otu00049","135D3",918,999,43,"miseq",FALSE,1,FALSE,"Bacteria","Proteobacteria","Gammaproteobacteria","Pseudomonadales","Pseudomonadaceae","Pseudomonas"
"Otu00086","179D3",550,774,69,"miseq",FALSE,1,FALSE,"Bacteria","Proteobacteria","Gammaproteobacteria","Pseudomonadales","Pseudomonadaceae","Pseudomonadaceae_unclassified"
"Otu00005","113D3",874,1000,30,"miseq",FALSE,1,FALSE,"Bacteria","Proteobacteria","Gammaproteobacteria","Pseudomonadales","Pseudomonadaceae","Pseudomonadaceae_unclassified"
"Otu00005","115D3",917,999,49,"miseq",FALSE,1,FALSE,"Bacteria","Proteobacteria","Gammaproteobacteria","Pseudomonadales","Pseudomonadaceae","Pseudomonadaceae_unclassified"
"Otu00005","152D3",881,995,72,"miseq",FALSE,1,FALSE,"Bacteria","Proteobacteria","Gammaproteobacteria","Pseudomonadales","Pseudomonadaceae","Pseudomonadaceae_unclassified"
"Otu00005","155D3",840,997,68,"miseq",FALSE,1,FALSE,"Bacteria","Proteobacteria","Gammaproteobacteria","Pseudomonadales","Pseudomonadaceae","Pseudomonadaceae_unclassified"
"Otu00005","168D3",939,989,51,"miseq",FALSE,1,FALSE,"Bacteria","Proteobacteria","Gammaproteobacteria","Pseudomonadales","Pseudomonadaceae","Pseudomonadaceae_unclassified"
"Otu00005","203D3",20,79,44,"miseq",FALSE,1,FALSE,"Bacteria","Proteobacteria","Gammaproteobacteria","Pseudomonadales","Pseudomonadaceae","Pseudomonadaceae_unclassified"
"Otu00005","205D3",903,937,34,"miseq",FALSE,1,FALSE,"Bacteria","Proteobacteria","Gammaproteobacteria","Pseudomonadales","Pseudomonadaceae","Pseudomonadaceae_unclassified"
"Otu00005","213D3",16,94,79,"miseq",FALSE,1,FALSE,"Bacteria","Proteobacteria","Gammaproteobacteria","Pseudomonadales","Pseudomonadaceae","Pseudomonadaceae_unclassified"
"Otu00005","214D3",957,997,41,"miseq",FALSE,1,FALSE,"Bacteria","Proteobacteria","Gammaproteobacteria","Pseudomonadales","Pseudomonadaceae","Pseudomonadaceae_unclassified"
"Otu00005","217D3",190,261,51,"miseq",FALSE,1,FALSE,"Bacteria","Proteobacteria","Gammaproteobacteria","Pseudomonadales","Pseudomonadaceae","Pseudomonadaceae_unclassified"
"Otu00005","231D3",955,997,42,"miseq",FALSE,1,FALSE,"Bacteria","Proteobacteria","Gammaproteobacteria","Pseudomonadales","Pseudomonadaceae","Pseudomonadaceae_unclassified"
"Otu00005","233D3",954,1000,47,"miseq",FALSE,1,FALSE,"Bacteria","Proteobacteria","Gammaproteobacteria","Pseudomonadales","Pseudomonadaceae","Pseudomonadaceae_unclassified"
"Otu00005","237D3",860,946,26,"miseq",FALSE,1,FALSE,"Bacteria","Proteobacteria","Gammaproteobacteria","Pseudomonadales","Pseudomonadaceae","Pseudomonadaceae_unclassified"
"Otu00005","238D3",965,999,35,"miseq",FALSE,1,FALSE,"Bacteria","Proteobacteria","Gammaproteobacteria","Pseudomonadales","Pseudomonadaceae","Pseudomonadaceae_unclassified"
"Otu00005","2DF",207,286,79,"miseq",FALSE,1,FALSE,"Bacteria","Proteobacteria","Gammaproteobacteria","Pseudomonadales","Pseudomonadaceae","Pseudomonadaceae_unclassified"
"Otu00005","93D3",787,1000,60,"miseq",FALSE,1,FALSE,"Bacteria","Proteobacteria","Gammaproteobacteria","Pseudomonadales","Pseudomonadaceae","Pseudomonadaceae_unclassified"
"Otu00004","113,3DF",959,999,41,"miseq",FALSE,1,FALSE,"Bacteria","Proteobacteria","Gammaproteobacteria","Pseudomonadales","Pseudomonadaceae","Pseudomonas"
"Otu00004","114DF",963,999,37,"miseq",FALSE,1,FALSE,"Bacteria","Proteobacteria","Gammaproteobacteria","Pseudomonadales","Pseudomonadaceae","Pseudomonas"
"Otu00004","118D3",846,981,55,"miseq",FALSE,1,FALSE,"Bacteria","Proteobacteria","Gammaproteobacteria","Pseudomonadales","Pseudomonadaceae","Pseudomonas"
"Otu00004","120DF",970,998,29,"miseq",FALSE,1,FALSE,"Bacteria","Proteobacteria","Gammaproteobacteria","Pseudomonadales","Pseudomonadaceae","Pseudomonas"
"Otu00004","159,1D3",956,999,44,"miseq",FALSE,1,FALSE,"Bacteria","Proteobacteria","Gammaproteobacteria","Pseudomonadales","Pseudomonadaceae","Pseudomonas"
"Otu00004","207D3",801,890,32,"miseq",FALSE,1,FALSE,"Bacteria","Proteobacteria","Gammaproteobacteria","Pseudomonadales","Pseudomonadaceae","Pseudomonas"
"Otu00004","208D3",962,1000,39,"miseq",FALSE,1,FALSE,"Bacteria","Proteobacteria","Gammaproteobacteria","Pseudomonadales","Pseudomonadaceae","Pseudomonas"
"Otu00004","54,1D3",982,999,13,"miseq",FALSE,1,FALSE,"Bacteria","Proteobacteria","Gammaproteobacteria","Pseudomonadales","Pseudomonadaceae","Pseudomonas"
"Otu00004","70DF",959,999,41,"miseq",FALSE,1,FALSE,"Bacteria","Proteobacteria","Gammaproteobacteria","Pseudomonadales","Pseudomonadaceae","Pseudomonas"
"Otu00004","71DF",982,1000,19,"miseq",FALSE,1,FALSE,"Bacteria","Proteobacteria","Gammaproteobacteria","Pseudomonadales","Pseudomonadaceae","Pseudomonas"
"Otu00004","73DF",980,1000,21,"miseq",FALSE,1,FALSE,"Bacteria","Proteobacteria","Gammaproteobacteria","Pseudomonadales","Pseudomonadaceae","Pseudomonas"
"Otu00004","80DF",961,999,39,"miseq",FALSE,1,FALSE,"Bacteria","Proteobacteria","Gammaproteobacteria","Pseudomonadales","Pseudomonadaceae","Pseudomonas"
"Otu00004","81DF",958,999,42,"miseq",FALSE,1,FALSE,"Bacteria","Proteobacteria","Gammaproteobacteria","Pseudomonadales","Pseudomonadaceae","Pseudomonas"
"Otu00004","88DF",964,1000,35,"miseq",FALSE,1,FALSE,"Bacteria","Proteobacteria","Gammaproteobacteria","Pseudomonadales","Pseudomonadaceae","Pseudomonas"
"Otu00004","91DF",983,1000,18,"miseq",FALSE,1,FALSE,"Bacteria","Proteobacteria","Gammaproteobacteria","Pseudomonadales","Pseudomonadaceae","Pseudomonas"
"Otu00004","93DF",960,998,39,"miseq",FALSE,1,FALSE,"Bacteria","Proteobacteria","Gammaproteobacteria","Pseudomonadales","Pseudomonadaceae","Pseudomonas"
"Otu00004","97DF",984,999,16,"miseq",FALSE,1,FALSE,"Bacteria","Proteobacteria","Gammaproteobacteria","Pseudomonadales","Pseudomonadaceae","Pseudomonas"
"Otu00016","106DF",925,946,22,"miseq",FALSE,1,FALSE,"Bacteria","Proteobacteria","Alphaproteobacteria","Rhizobiales","Rhizobiaceae","Rhizobium"
"Otu00016","112,2DF",929,994,27,"miseq",FALSE,1,FALSE,"Bacteria","Proteobacteria","Alphaproteobacteria","Rhizobiales","Rhizobiaceae","Rhizobium"
"Otu00016","124,1DF",974,1000,27,"miseq",FALSE,1,FALSE,"Bacteria","Proteobacteria","Alphaproteobacteria","Rhizobiales","Rhizobiaceae","Rhizobium"
"Otu00016","136DF",982,1000,19,"miseq",FALSE,1,FALSE,"Bacteria","Proteobacteria","Alphaproteobacteria","Rhizobiales","Rhizobiaceae","Rhizobium"
"Otu00016","137DF",979,1000,22,"miseq",FALSE,1,FALSE,"Bacteria","Proteobacteria","Alphaproteobacteria","Rhizobiales","Rhizobiaceae","Rhizobium"
"Otu00003","111,2DF",972,999,17,"miseq",FALSE,1,FALSE,"Bacteria","Proteobacteria","Alphaproteobacteria","Rhizobiales","Rhizobiaceae","Rhizobium"
"Otu00003","113,1DF",974,1000,26,"miseq",FALSE,1,FALSE,"Bacteria","Proteobacteria","Alphaproteobacteria","Rhizobiales","Rhizobiaceae","Rhizobium"
"Otu00003","115DF",965,1000,36,"miseq",FALSE,1,FALSE,"Bacteria","Proteobacteria","Alphaproteobacteria","Rhizobiales","Rhizobiaceae","Rhizobium"
"Otu00003","119DF",975,999,25,"miseq",FALSE,1,FALSE,"Bacteria","Proteobacteria","Alphaproteobacteria","Rhizobiales","Rhizobiaceae","Rhizobium"
"Otu00003","128,1DF",14,61,48,"miseq",FALSE,1,FALSE,"Bacteria","Proteobacteria","Alphaproteobacteria","Rhizobiales","Rhizobiaceae","Rhizobium"
"Otu00003","131DF",993,1000,8,"miseq",FALSE,1,FALSE,"Bacteria","Proteobacteria","Alphaproteobacteria","Rhizobiales","Rhizobiaceae","Rhizobium"
"Otu00003","132,1DF",961,998,38,"miseq",FALSE,1,FALSE,"Bacteria","Proteobacteria","Alphaproteobacteria","Rhizobiales","Rhizobiaceae","Rhizobium"
"Otu00003","144,1DF",979,1000,22,"miseq",FALSE,1,FALSE,"Bacteria","Proteobacteria","Alphaproteobacteria","Rhizobiales","Rhizobiaceae","Rhizobium"
"Otu00003","145DF",644,669,26,"miseq",FALSE,1,FALSE,"Bacteria","Proteobacteria","Alphaproteobacteria","Rhizobiales","Rhizobiaceae","Rhizobium"
"Otu00003","149DF",974,999,15,"miseq",FALSE,1,FALSE,"Bacteria","Proteobacteria","Alphaproteobacteria","Rhizobiales","Rhizobiaceae","Rhizobium"
"Otu00003","151DF",862,990,47,"miseq",FALSE,1,FALSE,"Bacteria","Proteobacteria","Alphaproteobacteria","Rhizobiales","Rhizobiaceae","Rhizobium"
"Otu00003","153D3",952,999,26,"miseq",FALSE,1,FALSE,"Bacteria","Proteobacteria","Alphaproteobacteria","Rhizobiales","Rhizobiaceae","Rhizobium"
"Otu00003","160D3",943,997,31,"miseq",FALSE,1,FALSE,"Bacteria","Proteobacteria","Alphaproteobacteria","Rhizobiales","Rhizobiaceae","Rhizobium"
"Otu00003","188D3",962,981,16,"miseq",FALSE,1,FALSE,"Bacteria","Proteobacteria","Alphaproteobacteria","Rhizobiales","Rhizobiaceae","Rhizobium"
"Otu00003","204D3",980,998,19,"miseq",FALSE,1,FALSE,"Bacteria","Proteobacteria","Alphaproteobacteria","Rhizobiales","Rhizobiaceae","Rhizobium"
"Otu00003","46D3",976,999,12,"miseq",FALSE,1,FALSE,"Bacteria","Proteobacteria","Alphaproteobacteria","Rhizobiales","Rhizobiaceae","Rhizobium"
"Otu00003","65D3",834,971,21,"miseq",FALSE,1,FALSE,"Bacteria","Proteobacteria","Alphaproteobacteria","Rhizobiales","Rhizobiaceae","Rhizobium"
"Otu00003","65DF",969,994,25,"miseq",FALSE,1,FALSE,"Bacteria","Proteobacteria","Alphaproteobacteria","Rhizobiales","Rhizobiaceae","Rhizobium"
"Otu00003","86DF",855,968,32,"miseq",FALSE,1,FALSE,"Bacteria","Proteobacteria","Alphaproteobacteria","Rhizobiales","Rhizobiaceae","Rhizobium"
"Otu00003","94DF",912,1000,32,"miseq",FALSE,1,FALSE,"Bacteria","Proteobacteria","Alphaproteobacteria","Rhizobiales","Rhizobiaceae","Rhizobium"
"Otu00003","99D3",822,991,28,"miseq",FALSE,1,FALSE,"Bacteria","Proteobacteria","Alphaproteobacteria","Rhizobiales","Rhizobiaceae","Rhizobium"
"Otu00009","101DF",971,999,24,"miseq",FALSE,1,FALSE,"Bacteria","Proteobacteria","Proteobacteria_unclassified","Proteobacteria_unclassified","Proteobacteria_unclassified","Proteobacteria_unclassified"
"Otu00009","104DF",984,1000,17,"miseq",FALSE,1,FALSE,"Bacteria","Proteobacteria","Proteobacteria_unclassified","Proteobacteria_unclassified","Proteobacteria_unclassified","Proteobacteria_unclassified"
"Otu00009","110DF",941,970,17,"miseq",FALSE,1,FALSE,"Bacteria","Proteobacteria","Proteobacteria_unclassified","Proteobacteria_unclassified","Proteobacteria_unclassified","Proteobacteria_unclassified"
"Otu00009","113,2DF",981,1000,20,"miseq",FALSE,1,FALSE,"Bacteria","Proteobacteria","Proteobacteria_unclassified","Proteobacteria_unclassified","Proteobacteria_unclassified","Proteobacteria_unclassified"
"Otu00009","122DF",952,987,36,"miseq",FALSE,1,FALSE,"Bacteria","Proteobacteria","Proteobacteria_unclassified","Proteobacteria_unclassified","Proteobacteria_unclassified","Proteobacteria_unclassified"
"Otu00009","12,1DF",836,975,25,"miseq",FALSE,1,FALSE,"Bacteria","Proteobacteria","Proteobacteria_unclassified","Proteobacteria_unclassified","Proteobacteria_unclassified","Proteobacteria_unclassified"
"Otu00009","52,2DF",972,987,15,"miseq",FALSE,1,FALSE,"Bacteria","Proteobacteria","Proteobacteria_unclassified","Proteobacteria_unclassified","Proteobacteria_unclassified","Proteobacteria_unclassified"
"Otu00009","66DF",958,998,24,"miseq",FALSE,1,FALSE,"Bacteria","Proteobacteria","Proteobacteria_unclassified","Proteobacteria_unclassified","Proteobacteria_unclassified","Proteobacteria_unclassified"
"Otu00001","107DF",976,1000,25,"miseq",FALSE,1,FALSE,"Bacteria","Proteobacteria","Proteobacteria_unclassified","Proteobacteria_unclassified","Proteobacteria_unclassified","Proteobacteria_unclassified"
"Otu00001","136,1DF",978,998,21,"miseq",FALSE,1,FALSE,"Bacteria","Proteobacteria","Proteobacteria_unclassified","Proteobacteria_unclassified","Proteobacteria_unclassified","Proteobacteria_unclassified"
"Otu00001","139DF",980,1000,21,"miseq",FALSE,1,FALSE,"Bacteria","Proteobacteria","Proteobacteria_unclassified","Proteobacteria_unclassified","Proteobacteria_unclassified","Proteobacteria_unclassified"
"Otu00001","140DF",984,999,16,"miseq",FALSE,1,FALSE,"Bacteria","Proteobacteria","Proteobacteria_unclassified","Proteobacteria_unclassified","Proteobacteria_unclassified","Proteobacteria_unclassified"
"Otu00001","141,1DF",966,998,33,"miseq",FALSE,1,FALSE,"Bacteria","Proteobacteria","Proteobacteria_unclassified","Proteobacteria_unclassified","Proteobacteria_unclassified","Proteobacteria_unclassified"
"Otu00001","142DF",973,999,27,"miseq",FALSE,1,FALSE,"Bacteria","Proteobacteria","Proteobacteria_unclassified","Proteobacteria_unclassified","Proteobacteria_unclassified","Proteobacteria_unclassified"
"Otu00001","143,1DF",991,999,9,"miseq",FALSE,1,FALSE,"Bacteria","Proteobacteria","Proteobacteria_unclassified","Proteobacteria_unclassified","Proteobacteria_unclassified","Proteobacteria_unclassified"
"Otu00001","153DF",951,995,22,"miseq",FALSE,1,FALSE,"Bacteria","Proteobacteria","Proteobacteria_unclassified","Proteobacteria_unclassified","Proteobacteria_unclassified","Proteobacteria_unclassified"
"Otu00001","187D3",7,55,49,"miseq",FALSE,1,FALSE,"Bacteria","Proteobacteria","Proteobacteria_unclassified","Proteobacteria_unclassified","Proteobacteria_unclassified","Proteobacteria_unclassified"
"Otu00001","245D3",906,999,94,"miseq",FALSE,1,FALSE,"Bacteria","Proteobacteria","Proteobacteria_unclassified","Proteobacteria_unclassified","Proteobacteria_unclassified","Proteobacteria_unclassified"
"Otu00001","42DF",965,998,28,"miseq",FALSE,1,FALSE,"Bacteria","Proteobacteria","Proteobacteria_unclassified","Proteobacteria_unclassified","Proteobacteria_unclassified","Proteobacteria_unclassified"
"Otu00001","45,1DF",978,994,17,"miseq",FALSE,1,FALSE,"Bacteria","Proteobacteria","Proteobacteria_unclassified","Proteobacteria_unclassified","Proteobacteria_unclassified","Proteobacteria_unclassified"
"Otu00001","45,2DF",844,973,47,"miseq",FALSE,1,FALSE,"Bacteria","Proteobacteria","Proteobacteria_unclassified","Proteobacteria_unclassified","Proteobacteria_unclassified","Proteobacteria_unclassified"
"Otu00001","49DF",949,998,32,"miseq",FALSE,1,FALSE,"Bacteria","Proteobacteria","Proteobacteria_unclassified","Proteobacteria_unclassified","Proteobacteria_unclassified","Proteobacteria_unclassified"
"Otu00001","51DF",977,998,20,"miseq",FALSE,1,FALSE,"Bacteria","Proteobacteria","Proteobacteria_unclassified","Proteobacteria_unclassified","Proteobacteria_unclassified","Proteobacteria_unclassified"
"Otu00001","52,1DF",218,278,28,"miseq",FALSE,1,FALSE,"Bacteria","Proteobacteria","Proteobacteria_unclassified","Proteobacteria_unclassified","Proteobacteria_unclassified","Proteobacteria_unclassified"
"Otu00001","52DF",977,999,23,"miseq",FALSE,1,FALSE,"Bacteria","Proteobacteria","Proteobacteria_unclassified","Proteobacteria_unclassified","Proteobacteria_unclassified","Proteobacteria_unclassified"
"Otu00001","53DF",972,999,26,"miseq",FALSE,1,FALSE,"Bacteria","Proteobacteria","Proteobacteria_unclassified","Proteobacteria_unclassified","Proteobacteria_unclassified","Proteobacteria_unclassified"
"Otu00001","77DF",967,1000,26,"miseq",FALSE,1,FALSE,"Bacteria","Proteobacteria","Proteobacteria_unclassified","Proteobacteria_unclassified","Proteobacteria_unclassified","Proteobacteria_unclassified"
"Otu00001","84DF",988,1000,13,"miseq",FALSE,1,FALSE,"Bacteria","Proteobacteria","Proteobacteria_unclassified","Proteobacteria_unclassified","Proteobacteria_unclassified","Proteobacteria_unclassified"
"Otu00001","89DF",940,999,27,"miseq",FALSE,1,FALSE,"Bacteria","Proteobacteria","Proteobacteria_unclassified","Proteobacteria_unclassified","Proteobacteria_unclassified","Proteobacteria_unclassified"
"Otu00001","92DF",985,1000,16,"miseq",FALSE,1,FALSE,"Bacteria","Proteobacteria","Proteobacteria_unclassified","Proteobacteria_unclassified","Proteobacteria_unclassified","Proteobacteria_unclassified"
"Otu00001","9DF",974,994,21,"miseq",FALSE,1,FALSE,"Bacteria","Proteobacteria","Proteobacteria_unclassified","Proteobacteria_unclassified","Proteobacteria_unclassified","Proteobacteria_unclassified"
"Otu00018","116DF",224,254,31,"miseq",FALSE,1,FALSE,"Bacteria","Proteobacteria","Alphaproteobacteria","Sphingomonadales","Sphingomonadaceae","Blastomonas"
"Otu00018","57DF",975,1000,26,"miseq",FALSE,1,FALSE,"Bacteria","Proteobacteria","Alphaproteobacteria","Sphingomonadales","Sphingomonadaceae","Blastomonas"
"Otu00018","78DF",879,998,47,"miseq",FALSE,1,FALSE,"Bacteria","Proteobacteria","Alphaproteobacteria","Sphingomonadales","Sphingomonadaceae","Blastomonas"
"Otu00018","85DF",907,992,32,"miseq",FALSE,1,FALSE,"Bacteria","Proteobacteria","Alphaproteobacteria","Sphingomonadales","Sphingomonadaceae","Blastomonas"
"Otu00037","129DF",952,996,41,"miseq",FALSE,1,FALSE,"Bacteria","Proteobacteria","Alphaproteobacteria","Sphingomonadales","Sphingomonadaceae","Sphingomonas"
"Otu00037","132DF",972,999,28,"miseq",FALSE,1,FALSE,"Bacteria","Proteobacteria","Alphaproteobacteria","Sphingomonadales","Sphingomonadaceae","Sphingomonas"
"Otu00068","117,1DF",963,999,37,"miseq",FALSE,1,FALSE,"Bacteria","Proteobacteria","Alphaproteobacteria","Rhodobacterales","Rhodobacteraceae","Paracoccus"
"Otu00062","40DF",969,1000,32,"miseq",FALSE,1,FALSE,"Bacteria","Proteobacteria","Alphaproteobacteria","Caulobacterales","Caulobacteraceae","Brevundimonas"
"Otu00015","109DF",970,1000,31,"miseq",FALSE,1,FALSE,"Bacteria","Proteobacteria","Alphaproteobacteria","Caulobacterales","Caulobacteraceae","Caulobacteraceae_unclassified"
"Otu00015","134DF",972,1000,29,"miseq",FALSE,1,FALSE,"Bacteria","Proteobacteria","Alphaproteobacteria","Caulobacterales","Caulobacteraceae","Caulobacteraceae_unclassified"
"Otu00015","140,1DF",938,1000,56,"miseq",FALSE,1,FALSE,"Bacteria","Proteobacteria","Alphaproteobacteria","Caulobacterales","Caulobacteraceae","Caulobacteraceae_unclassified"
"Otu00015","16DF",968,1000,33,"miseq",FALSE,1,FALSE,"Bacteria","Proteobacteria","Alphaproteobacteria","Caulobacterales","Caulobacteraceae","Caulobacteraceae_unclassified"
"Otu00015","45DF",957,999,43,"miseq",FALSE,1,FALSE,"Bacteria","Proteobacteria","Alphaproteobacteria","Caulobacterales","Caulobacteraceae","Caulobacteraceae_unclassified"
"Otu00015","76DF",581,986,59,"miseq",FALSE,1,FALSE,"Bacteria","Proteobacteria","Alphaproteobacteria","Caulobacterales","Caulobacteraceae","Caulobacteraceae_unclassified"
"Otu00026","149D3",887,996,58,"miseq",FALSE,1,FALSE,"Bacteria","Proteobacteria","Alphaproteobacteria","Caulobacterales","Caulobacteraceae","Caulobacter"
"Otu00026","157D3",914,997,42,"miseq",FALSE,1,FALSE,"Bacteria","Proteobacteria","Alphaproteobacteria","Caulobacterales","Caulobacteraceae","Caulobacter"
"Otu00030","100DF",944,997,42,"miseq",FALSE,1,FALSE,"Bacteria","Proteobacteria","Alphaproteobacteria","Rhodospirillales","Acetobacteraceae","Roseomonas"
"Otu00030","126DF",972,1000,29,"miseq",FALSE,1,FALSE,"Bacteria","Proteobacteria","Alphaproteobacteria","Rhodospirillales","Acetobacteraceae","Roseomonas"
"Otu00030","96DF",970,999,30,"miseq",FALSE,1,FALSE,"Bacteria","Proteobacteria","Alphaproteobacteria","Rhodospirillales","Acetobacteraceae","Roseomonas"
"Otu00019","79DF",951,1000,49,"miseq",FALSE,1,FALSE,"Bacteria","Proteobacteria","Alphaproteobacteria","Rhodospirillales","Acetobacteraceae","Roseomonas"
"Otu00024","120D3",851,1000,62,"miseq",FALSE,1,FALSE,"Bacteria","Bacteroidetes","Flavobacteria","Flavobacteriales","Flavobacteriaceae","Flavobacterium"
"Otu00024","132,1D3",832,999,61,"miseq",FALSE,1,FALSE,"Bacteria","Bacteroidetes","Flavobacteria","Flavobacteriales","Flavobacteriaceae","Flavobacterium"
"Otu00024","65,1D3",930,1000,58,"miseq",FALSE,1,FALSE,"Bacteria","Bacteroidetes","Flavobacteria","Flavobacteriales","Flavobacteriaceae","Flavobacterium"
"Otu00064","9,2DF",840,986,65,"miseq",FALSE,1,FALSE,"Bacteria","Firmicutes","Bacilli","Bacillales","Staphylococcaceae","Staphylococcus"
"Otu00036","25,1DF",959,998,39,"miseq",FALSE,1,FALSE,"Bacteria","Firmicutes","Bacilli","Bacillales","Staphylococcaceae","Staphylococcus"
"Otu00072","138DF",869,990,56,"miseq",FALSE,1,FALSE,"Bacteria","Actinobacteria","Actinobacteria","Actinomycetales","Cellulomonadaceae","Cellulomonas"
"Otu00078","103,1DF",795,991,68,"miseq",FALSE,1,FALSE,"Bacteria","Actinobacteria","Actinobacteria","Actinomycetales","Microbacteriaceae","Microbacteriaceae_unclassified"
"Otu00041","150,1DF",906,1000,84,"miseq",FALSE,1,FALSE,"Bacteria","Actinobacteria","Actinobacteria","Actinomycetales","Micrococcaceae","Arthrobacter"
"Otu00048","130D3",618,938,100,"miseq",FALSE,1,FALSE,"Bacteria","Proteobacteria","Gammaproteobacteria","Aeromonadales","Aeromonadaceae","Aeromonas"
"Otu00056","98DF",750,966,73,"miseq",FALSE,1,FALSE,"Bacteria","Proteobacteria","Gammaproteobacteria","Xanthomonadales","Xanthomonadaceae","Luteimonas"
"Otu00042","111,1DF",853,994,55,"miseq",FALSE,1,FALSE,"Bacteria","Proteobacteria","Betaproteobacteria","Burkholderiales","Burkholderiaceae","Limnobacter"
"Otu00042","112,1DF",878,998,70,"miseq",FALSE,1,FALSE,"Bacteria","Proteobacteria","Betaproteobacteria","Burkholderiales","Burkholderiaceae","Limnobacter"
"Otu00012","183D3",725,982,82,"miseq",FALSE,1,FALSE,"Bacteria","Proteobacteria","Betaproteobacteria","Burkholderiales","Burkholderiaceae","Limnobacter"
"Otu00058","18D3",854,980,127,"miseq",FALSE,1,FALSE,"Bacteria","Proteobacteria","Betaproteobacteria","Neisseriales","Neisseriaceae","Chromobacterium"
"Otu00055","177D3",961,995,34,"miseq",FALSE,1,FALSE,"Bacteria","Proteobacteria","Betaproteobacteria","Burkholderiales","Burkholderiaceae","Chitinimonas"
