"","Group","Isolate_Number","asv","host_species","capture_day","domain","phylum","class","order","family","genus"
"1","100D31","100D31","ASV00029","Monoraphidium","D31","Bacteria","Proteobacteria","Alphaproteobacteria","Acetobacterales","Acetobacteraceae","Roseomonas"
"2","100_D3","100D3","ASV25790","Scenedesmus","D3","Bacteria","Proteobacteria","Gammaproteobacteria","Burkholderiales","Comamonadaceae","Comamonadaceae_unclassified"
"3","101D3","101D3","ASV00002","Scenedesmus","D3","Bacteria","Proteobacteria","Gammaproteobacteria","Burkholderiales","Comamonadaceae","Comamonadaceae_unclassified"
"4","101D31","101D31","ASV00009","Monoraphidium","D31","Bacteria","Proteobacteria","Alphaproteobacteria","Rhizobiales","Rhizobiaceae","Rhizobiaceae_unclassified"
"5","102D31","102D31","ASV00012","Monoraphidium","D31","Bacteria","Proteobacteria","Gammaproteobacteria","Burkholderiales","Comamonadaceae","Hydrogenophaga"
"6","103D3","103D3","ASV00002","Scenedesmus","D3","Bacteria","Proteobacteria","Gammaproteobacteria","Burkholderiales","Comamonadaceae","Comamonadaceae_unclassified"
"7","103point1D31","103_1D31","ASV00078","Monoraphidium","D31","Bacteria","Actinobacteriota","Actinobacteria","Micrococcales","Microbacteriaceae","Curtobacterium"
"8","104D31","104D31","ASV00009","Monoraphidium","D31","Bacteria","Proteobacteria","Alphaproteobacteria","Rhizobiales","Rhizobiaceae","Rhizobiaceae_unclassified"
"9","104_D3","104D3","ASV00002","Scenedesmus","D3","Bacteria","Proteobacteria","Gammaproteobacteria","Burkholderiales","Comamonadaceae","Comamonadaceae_unclassified"
"10","106D31","106D31","ASV00016","Monoraphidium","D31","Bacteria","Proteobacteria","Alphaproteobacteria","Rhizobiales","Rhizobiaceae","Allorhizobium-Neorhizobium-Pararhizobium-Rhizobium"
"11","106_D3","106D3","ASV14457","Scenedesmus","D3","Bacteria","Proteobacteria","Gammaproteobacteria","Burkholderiales","Comamonadaceae","Comamonadaceae_unclassified"
"12","107D31","107D31","ASV00001","Monoraphidium","D31","Bacteria","Proteobacteria","Alphaproteobacteria","Rhizobiales","Rhizobiaceae","Allorhizobium-Neorhizobium-Pararhizobium-Rhizobium"
"13","107_D3","107D3","ASV00005","Scenedesmus","D3","Bacteria","Proteobacteria","Gammaproteobacteria","Pseudomonadales","Pseudomonadaceae","Pseudomonas"
"14","108_D3","108D3","ASV00002","Scenedesmus","D3","Bacteria","Proteobacteria","Gammaproteobacteria","Burkholderiales","Comamonadaceae","Comamonadaceae_unclassified"
"15","109D31","109D31","ASV00014","Monoraphidium","D31","Bacteria","Proteobacteria","Alphaproteobacteria","Caulobacterales","Caulobacteraceae","uncultured"
"16","109_D3","109D3","ASV00002","Scenedesmus","D3","Bacteria","Proteobacteria","Gammaproteobacteria","Burkholderiales","Comamonadaceae","Comamonadaceae_unclassified"
"17","10D3","10D3","ASV00025","Chlorella","D3","Bacteria","Proteobacteria","Alphaproteobacteria","Caulobacterales","Caulobacteraceae","Caulobacter"
"18","10point1D3","10_1D3","ASV00025","Chlorella","D3","Bacteria","Proteobacteria","Alphaproteobacteria","Caulobacterales","Caulobacteraceae","Caulobacter"
"19","110D31","110D31","ASV00009","Monoraphidium","D31","Bacteria","Proteobacteria","Alphaproteobacteria","Rhizobiales","Rhizobiaceae","Rhizobiaceae_unclassified"
"20","110_D3","110D3","ASV00027","Scenedesmus","D3","Bacteria","Proteobacteria","Gammaproteobacteria","Burkholderiales","Comamonadaceae","Acidovorax"
"21","111_D3","111D3","ASV14460","Scenedesmus","D3","Bacteria","Proteobacteria","Gammaproteobacteria","Pseudomonadales","Pseudomonadaceae","Pseudomonas"
"22","111point1D31","111_1D31","ASV00042","Monoraphidium","D31","Bacteria","Proteobacteria","Gammaproteobacteria","Burkholderiales","Burkholderiaceae","Limnobacter"
"23","111point2D31","111_2D31","ASV00003","Monoraphidium","D31","Bacteria","Proteobacteria","Alphaproteobacteria","Rhizobiales","Rhizobiaceae","Allorhizobium-Neorhizobium-Pararhizobium-Rhizobium"
"24","112point1D31","112_1D31","ASV00042","Monoraphidium","D31","Bacteria","Proteobacteria","Gammaproteobacteria","Burkholderiales","Burkholderiaceae","Limnobacter"
"25","112point2D31","112_2D31","ASV00016","Monoraphidium","D31","Bacteria","Proteobacteria","Alphaproteobacteria","Rhizobiales","Rhizobiaceae","Allorhizobium-Neorhizobium-Pararhizobium-Rhizobium"
"26","113D3","113D3","ASV00005","Scenedesmus","D3","Bacteria","Proteobacteria","Gammaproteobacteria","Pseudomonadales","Pseudomonadaceae","Pseudomonas"
"27","113point1D31","113_1D31","ASV00003","Monoraphidium","D31","Bacteria","Proteobacteria","Alphaproteobacteria","Rhizobiales","Rhizobiaceae","Allorhizobium-Neorhizobium-Pararhizobium-Rhizobium"
"28","113point2D31","113_2D31","ASV00009","Monoraphidium","D31","Bacteria","Proteobacteria","Alphaproteobacteria","Rhizobiales","Rhizobiaceae","Rhizobiaceae_unclassified"
"29","113point3D31","113_3D31","ASV00004","Monoraphidium","D31","Bacteria","Proteobacteria","Gammaproteobacteria","Pseudomonadales","Pseudomonadaceae","Pseudomonas"
"30","114D31","114D31","ASV00004","Monoraphidium","D31","Bacteria","Proteobacteria","Gammaproteobacteria","Pseudomonadales","Pseudomonadaceae","Pseudomonas"
"31","114_D3","114D3","ASV01449","Scenedesmus","D3","Bacteria","Proteobacteria","Gammaproteobacteria","Burkholderiales","Comamonadaceae","Delftia"
"32","115D3","115D3","ASV00005","Scenedesmus","D3","Bacteria","Proteobacteria","Gammaproteobacteria","Pseudomonadales","Pseudomonadaceae","Pseudomonas"
"33","115D31","115D31","ASV00003","Monoraphidium","D31","Bacteria","Proteobacteria","Alphaproteobacteria","Rhizobiales","Rhizobiaceae","Allorhizobium-Neorhizobium-Pararhizobium-Rhizobium"
"34","117D3","117D3","ASV00002","Scenedesmus","D3","Bacteria","Proteobacteria","Gammaproteobacteria","Burkholderiales","Comamonadaceae","Comamonadaceae_unclassified"
"35","117point1D31","117_1D31","ASV00067","Monoraphidium","D31","Bacteria","Proteobacteria","Alphaproteobacteria","Rhodobacterales","Rhodobacteraceae","Paracoccus"
"36","118D3","118D3","ASV00004","Scenedesmus","D3","Bacteria","Proteobacteria","Gammaproteobacteria","Pseudomonadales","Pseudomonadaceae","Pseudomonas"
"37","118D31","118D31","ASV00054","Monoraphidium","D31","Bacteria","Proteobacteria","Gammaproteobacteria","Pseudomonadales","Pseudomonadaceae","Pseudomonas"
"38","119D3","119D3","ASV00002","Scenedesmus","D3","Bacteria","Proteobacteria","Gammaproteobacteria","Burkholderiales","Comamonadaceae","Comamonadaceae_unclassified"
"39","119D31","119D31","ASV00003","Monoraphidium","D31","Bacteria","Proteobacteria","Alphaproteobacteria","Rhizobiales","Rhizobiaceae","Allorhizobium-Neorhizobium-Pararhizobium-Rhizobium"
"40","120D3","120D3","ASV00026","Scenedesmus","D3","Bacteria","Bacteroidota","Bacteroidia","Flavobacteriales","Flavobacteriaceae","Flavobacterium"
"41","120D31","120D31","ASV00004","Monoraphidium","D31","Bacteria","Proteobacteria","Gammaproteobacteria","Pseudomonadales","Pseudomonadaceae","Pseudomonas"
"42","122D31","122D31","ASV00009","Monoraphidium","D31","Bacteria","Proteobacteria","Alphaproteobacteria","Rhizobiales","Rhizobiaceae","Rhizobiaceae_unclassified"
"43","122_D3","122D3","ASV00002","Scenedesmus","D3","Bacteria","Proteobacteria","Gammaproteobacteria","Burkholderiales","Comamonadaceae","Comamonadaceae_unclassified"
"44","123D31","123D31","ASV00006","Selenastrum","D31","Bacteria","Proteobacteria","Alphaproteobacteria","Caulobacterales","Caulobacteraceae","Caulobacter"
"45","123_D3","123D3","ASV00043","Scenedesmus","D3","Bacteria","Proteobacteria","Gammaproteobacteria","Burkholderiales","Comamonadaceae","Comamonadaceae_unclassified"
"46","124_D3","124D3","ASV00002","Scenedesmus","D3","Bacteria","Proteobacteria","Gammaproteobacteria","Burkholderiales","Comamonadaceae","Comamonadaceae_unclassified"
"47","124point1D31","124_1D31","ASV00016","Selenastrum","D31","Bacteria","Proteobacteria","Alphaproteobacteria","Rhizobiales","Rhizobiaceae","Allorhizobium-Neorhizobium-Pararhizobium-Rhizobium"
"48","124point2D31","124_2D31","ASV00006","Selenastrum","D31","Bacteria","Proteobacteria","Alphaproteobacteria","Caulobacterales","Caulobacteraceae","Caulobacter"
"49","124point3D31","124_3D31","ASV00010","Selenastrum","D31","Bacteria","Proteobacteria","Alphaproteobacteria","Sphingomonadales","Sphingomonadaceae","Porphyrobacter"
"50","124point4D31","124_4D31","ASV00068","Selenastrum","D31","Bacteria","Proteobacteria","Gammaproteobacteria","Burkholderiales","Comamonadaceae","Comamonadaceae_unclassified"
"51","125_DF","125D31","ASV00008","Selenastrum","D31","Bacteria","Proteobacteria","Gammaproteobacteria","Burkholderiales","Comamonadaceae","Hydrogenophaga"
"52","126D31","126D31","ASV00029","Selenastrum","D31","Bacteria","Proteobacteria","Alphaproteobacteria","Acetobacterales","Acetobacteraceae","Roseomonas"
"53","127D3","127D3","ASV00002","Scenedesmus","D3","Bacteria","Proteobacteria","Gammaproteobacteria","Burkholderiales","Comamonadaceae","Comamonadaceae_unclassified"
"54","127D31","127D31","ASV00008","Selenastrum","D31","Bacteria","Proteobacteria","Gammaproteobacteria","Burkholderiales","Comamonadaceae","Hydrogenophaga"
"55","127point1D3","127_1D3","ASV00002","Scenedesmus","D3","Bacteria","Proteobacteria","Gammaproteobacteria","Burkholderiales","Comamonadaceae","Comamonadaceae_unclassified"
"56","128_D3","128D3","ASV14465","Scenedesmus","D3","Bacteria","Proteobacteria","Alphaproteobacteria","Caulobacterales","Caulobacteraceae","Caulobacter"
"57","128point1D31","128_1D31","ASV00008","Selenastrum","D31","Bacteria","Proteobacteria","Gammaproteobacteria","Burkholderiales","Comamonadaceae","Hydrogenophaga"
"58","129D31","129D31","ASV00038","Selenastrum","D31","Bacteria","Proteobacteria","Alphaproteobacteria","Sphingomonadales","Sphingomonadaceae","Sphingomonas"
"59","129_D3","129D3","ASV00040","Scenedesmus","D3","Bacteria","Proteobacteria","Gammaproteobacteria","Enterobacterales","Aeromonadaceae","Aeromonas"
"60","12D3","12D3","ASV00006","Chlorella","D3","Bacteria","Proteobacteria","Alphaproteobacteria","Caulobacterales","Caulobacteraceae","Caulobacter"
"61","12point1D31","12_1D31","ASV00009","Chlorella","D31","Bacteria","Proteobacteria","Alphaproteobacteria","Rhizobiales","Rhizobiaceae","Rhizobiaceae_unclassified"
"62","130D3","130D3","ASV00040","Scenedesmus","D3","Bacteria","Proteobacteria","Gammaproteobacteria","Enterobacterales","Aeromonadaceae","Aeromonas"
"63","130D31","130D31","ASV00010","Selenastrum","D31","Bacteria","Proteobacteria","Alphaproteobacteria","Sphingomonadales","Sphingomonadaceae","Porphyrobacter"
"64","131D3","131D3","ASV00006","Scenedesmus","D3","Bacteria","Proteobacteria","Alphaproteobacteria","Caulobacterales","Caulobacteraceae","Caulobacter"
"65","131D31","131D31","ASV00003","Selenastrum","D31","Bacteria","Proteobacteria","Alphaproteobacteria","Rhizobiales","Rhizobiaceae","Allorhizobium-Neorhizobium-Pararhizobium-Rhizobium"
"66","131point1D3","131_1D3","ASV00040","Scenedesmus","D3","Bacteria","Proteobacteria","Gammaproteobacteria","Enterobacterales","Aeromonadaceae","Aeromonas"
"67","132D31","132D31","ASV00038","Selenastrum","D31","Bacteria","Proteobacteria","Alphaproteobacteria","Sphingomonadales","Sphingomonadaceae","Sphingomonas"
"68","132_D3","132D3","ASV02850","Scenedesmus","D3","Bacteria","Proteobacteria","Gammaproteobacteria","Burkholderiales","Comamonadaceae","Comamonadaceae_unclassified"
"69","132point1D3","132_1D3","ASV00026","Scenedesmus","D3","Bacteria","Bacteroidota","Bacteroidia","Flavobacteriales","Flavobacteriaceae","Flavobacterium"
"70","132point1D31","132_1D31","ASV00003","Selenastrum","D31","Bacteria","Proteobacteria","Alphaproteobacteria","Rhizobiales","Rhizobiaceae","Allorhizobium-Neorhizobium-Pararhizobium-Rhizobium"
"71","133_DF","133D31","ASV00001","Selenastrum","D31","Bacteria","Proteobacteria","Alphaproteobacteria","Rhizobiales","Rhizobiaceae","Allorhizobium-Neorhizobium-Pararhizobium-Rhizobium"
"72","134D31","134D31","ASV00014","Selenastrum","D31","Bacteria","Proteobacteria","Alphaproteobacteria","Caulobacterales","Caulobacteraceae","uncultured"
"73","134_D3","134D3","ASV14466","Scenedesmus","D3","Bacteria","Proteobacteria","Alphaproteobacteria","Caulobacterales","Caulobacteraceae","Caulobacteraceae_unclassified"
"74","135D3","135D3","ASV00050","Scenedesmus","D3","Bacteria","Proteobacteria","Gammaproteobacteria","Pseudomonadales","Pseudomonadaceae","Pseudomonas"
"75","136D3","136D3","ASV00017","Scenedesmus","D3","Bacteria","Proteobacteria","Gammaproteobacteria","Pseudomonadales","Pseudomonadaceae","Pseudomonas"
"76","136D31","136D31","ASV00016","Selenastrum","D31","Bacteria","Proteobacteria","Alphaproteobacteria","Rhizobiales","Rhizobiaceae","Allorhizobium-Neorhizobium-Pararhizobium-Rhizobium"
"77","136point1D31","136_1D31","ASV00001","Selenastrum","D31","Bacteria","Proteobacteria","Alphaproteobacteria","Rhizobiales","Rhizobiaceae","Allorhizobium-Neorhizobium-Pararhizobium-Rhizobium"
"78","137D3","137D3","ASV00002","Scenedesmus","D3","Bacteria","Proteobacteria","Gammaproteobacteria","Burkholderiales","Comamonadaceae","Comamonadaceae_unclassified"
"79","137D31","137D31","ASV00016","Selenastrum","D31","Bacteria","Proteobacteria","Alphaproteobacteria","Rhizobiales","Rhizobiaceae","Allorhizobium-Neorhizobium-Pararhizobium-Rhizobium"
"80","138D31","138D31","ASV00072","Selenastrum","D31","Bacteria","Actinobacteriota","Actinobacteria","Micrococcales","Cellulomonadaceae","Cellulomonas"
"81","139D3","139D3","ASV00002","Scenedesmus","D3","Bacteria","Proteobacteria","Gammaproteobacteria","Burkholderiales","Comamonadaceae","Comamonadaceae_unclassified"
"82","139D31","139D31","ASV00001","Selenastrum","D31","Bacteria","Proteobacteria","Alphaproteobacteria","Rhizobiales","Rhizobiaceae","Allorhizobium-Neorhizobium-Pararhizobium-Rhizobium"
"83","13D3","13D3","ASV00006","Chlorella","D3","Bacteria","Proteobacteria","Alphaproteobacteria","Caulobacterales","Caulobacteraceae","Caulobacter"
"84","140D31","140D31","ASV00001","Selenastrum","D31","Bacteria","Proteobacteria","Alphaproteobacteria","Rhizobiales","Rhizobiaceae","Allorhizobium-Neorhizobium-Pararhizobium-Rhizobium"
"85","140point1D31","140_1D31","ASV00014","Selenastrum","D31","Bacteria","Proteobacteria","Alphaproteobacteria","Caulobacterales","Caulobacteraceae","uncultured"
"86","141D3","141D3","ASV00002","Scenedesmus","D3","Bacteria","Proteobacteria","Gammaproteobacteria","Burkholderiales","Comamonadaceae","Comamonadaceae_unclassified"
"87","141D31","141D31","ASV00001","Selenastrum","D31","Bacteria","Proteobacteria","Alphaproteobacteria","Rhizobiales","Rhizobiaceae","Allorhizobium-Neorhizobium-Pararhizobium-Rhizobium"
"88","141point1D31","141_1D31","ASV00001","Selenastrum","D31","Bacteria","Proteobacteria","Alphaproteobacteria","Rhizobiales","Rhizobiaceae","Allorhizobium-Neorhizobium-Pararhizobium-Rhizobium"
"89","142D31","142D31","ASV00001","Selenastrum","D31","Bacteria","Proteobacteria","Alphaproteobacteria","Rhizobiales","Rhizobiaceae","Allorhizobium-Neorhizobium-Pararhizobium-Rhizobium"
"90","142_D3","142D3","ASV00053","Scenedesmus","D3","Bacteria","Proteobacteria","Gammaproteobacteria","Burkholderiales","Comamonadaceae","Comamonadaceae_unclassified"
"91","143D3","143D3","ASV00002","Scenedesmus","D3","Bacteria","Proteobacteria","Gammaproteobacteria","Burkholderiales","Comamonadaceae","Comamonadaceae_unclassified"
"92","143point1D31","143_1D31","ASV00001","Selenastrum","D31","Bacteria","Proteobacteria","Alphaproteobacteria","Rhizobiales","Rhizobiaceae","Allorhizobium-Neorhizobium-Pararhizobium-Rhizobium"
"93","144point1D31","144_1D31","ASV00003","Selenastrum","D31","Bacteria","Proteobacteria","Alphaproteobacteria","Rhizobiales","Rhizobiaceae","Allorhizobium-Neorhizobium-Pararhizobium-Rhizobium"
"94","146D31","146D31","ASV00034","Selenastrum","D31","Bacteria","Proteobacteria","Gammaproteobacteria","Burkholderiales","Comamonadaceae","Hydrogenophaga"
"95","146_D3","146D3","ASV00002","Scenedesmus","D3","Bacteria","Proteobacteria","Gammaproteobacteria","Burkholderiales","Comamonadaceae","Comamonadaceae_unclassified"
"96","147D3","147D3","ASV00002","Scenedesmus","D3","Bacteria","Proteobacteria","Gammaproteobacteria","Burkholderiales","Comamonadaceae","Comamonadaceae_unclassified"
"97","147D31","147D31","ASV00075","Selenastrum","D31","Bacteria","Bacteroidota","Bacteroidia","Cytophagales","Spirosomaceae","Runella"
"98","148D31","148D31","ASV00012","Selenastrum","D31","Bacteria","Proteobacteria","Gammaproteobacteria","Burkholderiales","Comamonadaceae","Hydrogenophaga"
"99","148_D3","148D3","ASV14472","Scenedesmus","D3","Bacteria","Proteobacteria","Alphaproteobacteria","Caulobacterales","Caulobacteraceae","Caulobacter"
"100","149D3","149D3","ASV00025","Scenedesmus","D3","Bacteria","Proteobacteria","Alphaproteobacteria","Caulobacterales","Caulobacteraceae","Caulobacter"
"101","149D31","149D31","ASV00003","Selenastrum","D31","Bacteria","Proteobacteria","Alphaproteobacteria","Rhizobiales","Rhizobiaceae","Allorhizobium-Neorhizobium-Pararhizobium-Rhizobium"
"102","150point1D31","150_1D31","ASV00041","Selenastrum","D31","Bacteria","Actinobacteriota","Actinobacteria","Micrococcales","Micrococcaceae","Micrococcaceae_unclassified"
"103","151D31","151D31","ASV00003","Selenastrum","D31","Bacteria","Proteobacteria","Alphaproteobacteria","Rhizobiales","Rhizobiaceae","Allorhizobium-Neorhizobium-Pararhizobium-Rhizobium"
"104","152D3","152D3","ASV00005","Scenedesmus","D3","Bacteria","Proteobacteria","Gammaproteobacteria","Pseudomonadales","Pseudomonadaceae","Pseudomonas"
"105","153D3","153D3","ASV00003","Scenedesmus","D3","Bacteria","Proteobacteria","Alphaproteobacteria","Rhizobiales","Rhizobiaceae","Allorhizobium-Neorhizobium-Pararhizobium-Rhizobium"
"106","153D31","153D31","ASV00001","Selenastrum","D31","Bacteria","Proteobacteria","Alphaproteobacteria","Rhizobiales","Rhizobiaceae","Allorhizobium-Neorhizobium-Pararhizobium-Rhizobium"
"107","154D31","154D31","ASV00012","Scenedesmus","D31","Bacteria","Proteobacteria","Gammaproteobacteria","Burkholderiales","Comamonadaceae","Hydrogenophaga"
"108","154_D3","154D3","ASV00002","Scenedesmus","D3","Bacteria","Proteobacteria","Gammaproteobacteria","Burkholderiales","Comamonadaceae","Comamonadaceae_unclassified"
"109","155D3","155D3","ASV00005","Scenedesmus","D3","Bacteria","Proteobacteria","Gammaproteobacteria","Pseudomonadales","Pseudomonadaceae","Pseudomonas"
"110","156D3","156D3","ASV00002","Monoraphidium","D3","Bacteria","Proteobacteria","Gammaproteobacteria","Burkholderiales","Comamonadaceae","Comamonadaceae_unclassified"
"111","157D3","157D3","ASV00025","Monoraphidium","D3","Bacteria","Proteobacteria","Alphaproteobacteria","Caulobacterales","Caulobacteraceae","Caulobacter"
"112","158D3","158D3","ASV00002","Monoraphidium","D3","Bacteria","Proteobacteria","Gammaproteobacteria","Burkholderiales","Comamonadaceae","Comamonadaceae_unclassified"
"113","159_D3","159D3","ASV00002","Monoraphidium","D3","Bacteria","Proteobacteria","Gammaproteobacteria","Burkholderiales","Comamonadaceae","Comamonadaceae_unclassified"
"114","159point1D3","159_1D3","ASV00004","Monoraphidium","D3","Bacteria","Proteobacteria","Gammaproteobacteria","Pseudomonadales","Pseudomonadaceae","Pseudomonas"
"115","15D31","15D31","ASV00036","Chlorella","D31","Bacteria","Proteobacteria","Gammaproteobacteria","Burkholderiales","Comamonadaceae","Hydrogenophaga"
"116","160D3","160D3","ASV00003","Monoraphidium","D3","Bacteria","Proteobacteria","Alphaproteobacteria","Rhizobiales","Rhizobiaceae","Allorhizobium-Neorhizobium-Pararhizobium-Rhizobium"
"117","161D3","161D3","ASV00027","Monoraphidium","D3","Bacteria","Proteobacteria","Gammaproteobacteria","Burkholderiales","Comamonadaceae","Acidovorax"
"118","162_D3","162D3","ASV00148","Monoraphidium","D3","Bacteria","Proteobacteria","Alphaproteobacteria","Azospirillales","Azospirillaceae","Niveispirillum"
"119","163D3","163D3","ASV00002","Monoraphidium","D3","Bacteria","Proteobacteria","Gammaproteobacteria","Burkholderiales","Comamonadaceae","Comamonadaceae_unclassified"
"120","166_D3","166D3","ASV00006","Monoraphidium","D3","Bacteria","Proteobacteria","Alphaproteobacteria","Caulobacterales","Caulobacteraceae","Caulobacter"
"121","167_D3","167D3","ASV00040","Monoraphidium","D3","Bacteria","Proteobacteria","Gammaproteobacteria","Enterobacterales","Aeromonadaceae","Aeromonas"
"122","168D3","168D3","ASV00005","Monoraphidium","D3","Bacteria","Proteobacteria","Gammaproteobacteria","Pseudomonadales","Pseudomonadaceae","Pseudomonas"
"123","169_D3","169D3","ASV00004","Monoraphidium","D3","Bacteria","Proteobacteria","Gammaproteobacteria","Pseudomonadales","Pseudomonadaceae","Pseudomonas"
"124","16D31","16D31","ASV00014","Chlorella","D31","Bacteria","Proteobacteria","Alphaproteobacteria","Caulobacterales","Caulobacteraceae","uncultured"
"125","16point1D31","16_1D31","ASV00001","Chlorella","D31","Bacteria","Proteobacteria","Alphaproteobacteria","Rhizobiales","Rhizobiaceae","Allorhizobium-Neorhizobium-Pararhizobium-Rhizobium"
"126","16point2D31","16_2D31","ASV00001","Chlorella","D31","Bacteria","Proteobacteria","Alphaproteobacteria","Rhizobiales","Rhizobiaceae","Allorhizobium-Neorhizobium-Pararhizobium-Rhizobium"
"127","170_D3","170D3","ASV00145","Monoraphidium","D3","Bacteria","Proteobacteria","Alphaproteobacteria","Azospirillales","Azospirillaceae","Niveispirillum"
"128","171D3","171D3","ASV00015","Monoraphidium","D3","Bacteria","Proteobacteria","Gammaproteobacteria","Burkholderiales","Chromobacteriaceae","Vogesella"
"129","172D3","172D3","ASV00015","Monoraphidium","D3","Bacteria","Proteobacteria","Gammaproteobacteria","Burkholderiales","Chromobacteriaceae","Vogesella"
"130","173_D3","173D3","ASV14473","Monoraphidium","D3","Bacteria","Bacteroidota","Bacteroidia","Cytophagales","Hymenobacteraceae","Hymenobacter"
"131","174_D3","174D3","ASV00047","Monoraphidium","D3","Bacteria","Proteobacteria","Alphaproteobacteria","Sphingomonadales","Sphingomonadaceae","Sphingorhabdus"
"132","175D3","175D3","ASV00017","Monoraphidium","D3","Bacteria","Proteobacteria","Gammaproteobacteria","Pseudomonadales","Pseudomonadaceae","Pseudomonas"
"133","176_D3","176D3","ASV14433","Monoraphidium","D3","Bacteria","Proteobacteria","Alphaproteobacteria","Caulobacterales","Caulobacteraceae","Caulobacter"
"134","177D3","177D3","ASV00057","Monoraphidium","D3","Bacteria","Proteobacteria","Gammaproteobacteria","Burkholderiales","Chitinimonadaceae","Chitinimonas"
"135","178_D3","178D3","ASV00070","Monoraphidium","D3","Bacteria","Proteobacteria","Gammaproteobacteria","Burkholderiales","Comamonadaceae","Curvibacter"
"136","17_D3","17D3","ASV00013","Chlorella","D3","Bacteria","Proteobacteria","Gammaproteobacteria","Burkholderiales","Burkholderiaceae","Burkholderiaceae_unclassified"
"137","180D3","180D3","ASV00011","Monoraphidium","D3","Bacteria","Proteobacteria","Gammaproteobacteria","Pseudomonadales","Pseudomonadaceae","Pseudomonas"
"138","181D3","181D3","ASV00011","Monoraphidium","D3","Bacteria","Proteobacteria","Gammaproteobacteria","Pseudomonadales","Pseudomonadaceae","Pseudomonas"
"139","183D3","183D3","ASV00013","Monoraphidium","D3","Bacteria","Proteobacteria","Gammaproteobacteria","Burkholderiales","Burkholderiaceae","Burkholderiaceae_unclassified"
"140","184_D3","184D3","ASV00002","Monoraphidium","D3","Bacteria","Proteobacteria","Gammaproteobacteria","Burkholderiales","Comamonadaceae","Comamonadaceae_unclassified"
"141","185D3","185D3","ASV00002","Monoraphidium","D3","Bacteria","Proteobacteria","Gammaproteobacteria","Burkholderiales","Comamonadaceae","Comamonadaceae_unclassified"
"142","186_D3","186D3","ASV00070","Monoraphidium","D3","Bacteria","Proteobacteria","Gammaproteobacteria","Burkholderiales","Comamonadaceae","Curvibacter"
"143","188D3","188D3","ASV00003","Monoraphidium","D3","Bacteria","Proteobacteria","Alphaproteobacteria","Rhizobiales","Rhizobiaceae","Allorhizobium-Neorhizobium-Pararhizobium-Rhizobium"
"144","189_D3","189D3","ASV00002","Monoraphidium","D3","Bacteria","Proteobacteria","Gammaproteobacteria","Burkholderiales","Comamonadaceae","Comamonadaceae_unclassified"
"145","18D3","18D3","ASV00065","Chlorella","D3","Bacteria","Proteobacteria","Gammaproteobacteria","Burkholderiales","Chromobacteriaceae","Chromobacterium"
"146","191_D3","191D3","ASV00006","Monoraphidium","D3","Bacteria","Proteobacteria","Alphaproteobacteria","Caulobacterales","Caulobacteraceae","Caulobacter"
"147","192_D3","192D3","ASV00070","Monoraphidium","D3","Bacteria","Proteobacteria","Gammaproteobacteria","Burkholderiales","Comamonadaceae","Curvibacter"
"148","193_D3","193D3","ASV00203","Monoraphidium","D3","Bacteria","Proteobacteria","Gammaproteobacteria","Burkholderiales","Comamonadaceae","Comamonadaceae_unclassified"
"149","194_D3","194D3","ASV14437","Monoraphidium","D3","Bacteria","Actinobacteriota","Actinobacteria","Micrococcales","Sanguibacteraceae","Sanguibacter-Flavimobilis"
"150","194point1D3","194_1D3","ASV00004","Monoraphidium","D3","Bacteria","Proteobacteria","Gammaproteobacteria","Pseudomonadales","Pseudomonadaceae","Pseudomonas"
"151","196_D3","196D3","ASV00002","Monoraphidium","D3","Bacteria","Proteobacteria","Gammaproteobacteria","Burkholderiales","Comamonadaceae","Comamonadaceae_unclassified"
"152","198D3","198D3","ASV00011","Monoraphidium","D3","Bacteria","Proteobacteria","Gammaproteobacteria","Pseudomonadales","Pseudomonadaceae","Pseudomonas"
"153","199point1D3","199_1D3","ASV00011","Monoraphidium","D3","Bacteria","Proteobacteria","Gammaproteobacteria","Pseudomonadales","Pseudomonadaceae","Pseudomonas"
"154","1_D3","1D3","ASV14442","Chlorella","D3","Bacteria","Proteobacteria","Alphaproteobacteria","Azospirillales","Azospirillaceae","Niveispirillum"
"155","200D3","200D3","ASV00011","Monoraphidium","D3","Bacteria","Proteobacteria","Gammaproteobacteria","Pseudomonadales","Pseudomonadaceae","Pseudomonas"
"156","202_D3","202D3","ASV00003","Selenastrum","D3","Bacteria","Proteobacteria","Alphaproteobacteria","Rhizobiales","Rhizobiaceae","Allorhizobium-Neorhizobium-Pararhizobium-Rhizobium"
"157","203D3","203D3","ASV00046","Selenastrum","D3","Bacteria","Proteobacteria","Alphaproteobacteria","Azospirillales","Azospirillaceae","Niveispirillum"
"158","204D3","204D3","ASV00003","Selenastrum","D3","Bacteria","Proteobacteria","Alphaproteobacteria","Rhizobiales","Rhizobiaceae","Allorhizobium-Neorhizobium-Pararhizobium-Rhizobium"
"159","205D3","205D3","ASV00005","Selenastrum","D3","Bacteria","Proteobacteria","Gammaproteobacteria","Pseudomonadales","Pseudomonadaceae","Pseudomonas"
"160","206D3","206D3","ASV00002","Selenastrum","D3","Bacteria","Proteobacteria","Gammaproteobacteria","Burkholderiales","Comamonadaceae","Comamonadaceae_unclassified"
"161","207D3","207D3","ASV00004","Selenastrum","D3","Bacteria","Proteobacteria","Gammaproteobacteria","Pseudomonadales","Pseudomonadaceae","Pseudomonas"
"162","208D3","208D3","ASV00004","Selenastrum","D3","Bacteria","Proteobacteria","Gammaproteobacteria","Pseudomonadales","Pseudomonadaceae","Pseudomonas"
"163","20D31","20D31","ASV00034","Chlorella","D31","Bacteria","Proteobacteria","Gammaproteobacteria","Burkholderiales","Comamonadaceae","Hydrogenophaga"
"164","20_D3","20D3","ASV00026","Chlorella","D3","Bacteria","Bacteroidota","Bacteroidia","Flavobacteriales","Flavobacteriaceae","Flavobacterium"
"165","210_D3","210D3","ASV00015","Selenastrum","D3","Bacteria","Proteobacteria","Gammaproteobacteria","Burkholderiales","Chromobacteriaceae","Vogesella"
"166","211_D3","211D3","ASV00031","Selenastrum","D3","Bacteria","Proteobacteria","Gammaproteobacteria","Burkholderiales","Comamonadaceae","Ramlibacter"
"167","213D3","213D3","ASV00015","Selenastrum","D3","Bacteria","Proteobacteria","Gammaproteobacteria","Burkholderiales","Chromobacteriaceae","Vogesella"
"168","214D3","214D3","ASV00005","Selenastrum","D3","Bacteria","Proteobacteria","Gammaproteobacteria","Pseudomonadales","Pseudomonadaceae","Pseudomonas"
"169","215_D3","215D3","ASV00046","Selenastrum","D3","Bacteria","Proteobacteria","Alphaproteobacteria","Azospirillales","Azospirillaceae","Niveispirillum"
"170","217_D3","217D3","ASV00031","Selenastrum","D3","Bacteria","Proteobacteria","Gammaproteobacteria","Burkholderiales","Comamonadaceae","Ramlibacter"
"171","218D3","218D3","ASV00002","Selenastrum","D3","Bacteria","Proteobacteria","Gammaproteobacteria","Burkholderiales","Comamonadaceae","Comamonadaceae_unclassified"
"172","219_D3","219D3","ASV00002","Selenastrum","D3","Bacteria","Proteobacteria","Gammaproteobacteria","Burkholderiales","Comamonadaceae","Comamonadaceae_unclassified"
"173","21_D3","21D3","ASV00006","Chlorella","D3","Bacteria","Proteobacteria","Alphaproteobacteria","Caulobacterales","Caulobacteraceae","Caulobacter"
"174","220_D3","220D3","ASV00046","Selenastrum","D3","Bacteria","Proteobacteria","Alphaproteobacteria","Azospirillales","Azospirillaceae","Niveispirillum"
"175","221_D3","221D3","ASV00006","Selenastrum","D3","Bacteria","Proteobacteria","Alphaproteobacteria","Caulobacterales","Caulobacteraceae","Caulobacter"
"176","222_D3","222D3","ASV00025","Selenastrum","D3","Bacteria","Proteobacteria","Alphaproteobacteria","Caulobacterales","Caulobacteraceae","Caulobacter"
"177","223_D3","223D3","ASV00002","Selenastrum","D3","Bacteria","Proteobacteria","Gammaproteobacteria","Burkholderiales","Comamonadaceae","Comamonadaceae_unclassified"
"178","224_D3","224D3","ASV00031","Selenastrum","D3","Bacteria","Proteobacteria","Gammaproteobacteria","Burkholderiales","Comamonadaceae","Ramlibacter"
"179","225_D3","225D3","ASV00112","Selenastrum","D3","Bacteria","Proteobacteria","Alphaproteobacteria","Azospirillales","Azospirillaceae","Azospirillum"
"180","226_D3","226D3","ASV00113","Selenastrum","D3","Bacteria","Proteobacteria","Gammaproteobacteria","Burkholderiales","Comamonadaceae","Aquabacterium"
"181","228_D3","228D3","ASV00021","Selenastrum","D3","Bacteria","Proteobacteria","Gammaproteobacteria","Burkholderiales","Chromobacteriaceae","Vogesella"
"182","229D3","229D3","ASV00017","Selenastrum","D3","Bacteria","Proteobacteria","Gammaproteobacteria","Pseudomonadales","Pseudomonadaceae","Pseudomonas"
"183","22_D3","22D3","ASV00013","Chlorella","D3","Bacteria","Proteobacteria","Gammaproteobacteria","Burkholderiales","Burkholderiaceae","Burkholderiaceae_unclassified"
"184","230_D3","230D3","ASV00006","Selenastrum","D3","Bacteria","Proteobacteria","Alphaproteobacteria","Caulobacterales","Caulobacteraceae","Caulobacter"
"185","231D3","231D3","ASV00005","Selenastrum","D3","Bacteria","Proteobacteria","Gammaproteobacteria","Pseudomonadales","Pseudomonadaceae","Pseudomonas"
"186","233D3","233D3","ASV00005","Selenastrum","D3","Bacteria","Proteobacteria","Gammaproteobacteria","Pseudomonadales","Pseudomonadaceae","Pseudomonas"
"187","234D3","234D3","ASV00037","Selenastrum","D3","Bacteria","Proteobacteria","Gammaproteobacteria","Enterobacterales","Alteromonadaceae","Rheinheimera"
"188","237D3","237D3","ASV00005","Selenastrum","D3","Bacteria","Proteobacteria","Gammaproteobacteria","Pseudomonadales","Pseudomonadaceae","Pseudomonas"
"189","238D3","238D3","ASV00005","Selenastrum","D3","Bacteria","Proteobacteria","Gammaproteobacteria","Pseudomonadales","Pseudomonadaceae","Pseudomonas"
"190","239D3","239D3","ASV00017","Selenastrum","D3","Bacteria","Proteobacteria","Gammaproteobacteria","Pseudomonadales","Pseudomonadaceae","Pseudomonas"
"191","23_D3","23D3","ASV00013","Chlorella","D3","Bacteria","Proteobacteria","Gammaproteobacteria","Burkholderiales","Burkholderiaceae","Burkholderiaceae_unclassified"
"192","240_D3","240D3","ASV00027","Selenastrum","D3","Bacteria","Proteobacteria","Gammaproteobacteria","Burkholderiales","Comamonadaceae","Acidovorax"
"193","241_D3","241D3","ASV00025","Selenastrum","D3","Bacteria","Proteobacteria","Alphaproteobacteria","Caulobacterales","Caulobacteraceae","Caulobacter"
"194","243_D3","243D3","ASV00002","Selenastrum","D3","Bacteria","Proteobacteria","Gammaproteobacteria","Burkholderiales","Comamonadaceae","Comamonadaceae_unclassified"
"195","244_D3","244D3","ASV00031","Selenastrum","D3","Bacteria","Proteobacteria","Gammaproteobacteria","Burkholderiales","Comamonadaceae","Ramlibacter"
"196","245D3","245D3","ASV00001","Selenastrum","D3","Bacteria","Proteobacteria","Alphaproteobacteria","Rhizobiales","Rhizobiaceae","Allorhizobium-Neorhizobium-Pararhizobium-Rhizobium"
"197","246_D3","246D3","ASV00003","Selenastrum","D3","Bacteria","Proteobacteria","Alphaproteobacteria","Rhizobiales","Rhizobiaceae","Allorhizobium-Neorhizobium-Pararhizobium-Rhizobium"
"198","247_D3","247D3","ASV00598","Selenastrum","D3","Bacteria","Proteobacteria","Gammaproteobacteria","Burkholderiales","Comamonadaceae","Hydrogenophaga"
"199","248_D3","248D3","ASV00046","Selenastrum","D3","Bacteria","Proteobacteria","Alphaproteobacteria","Azospirillales","Azospirillaceae","Niveispirillum"
"200","24D3","24D3","ASV00002","Chlorella","D3","Bacteria","Proteobacteria","Gammaproteobacteria","Burkholderiales","Comamonadaceae","Comamonadaceae_unclassified"
"201","250D3","250D3","ASV00002","Selenastrum","D3","Bacteria","Proteobacteria","Gammaproteobacteria","Burkholderiales","Comamonadaceae","Comamonadaceae_unclassified"
"202","25_D3","25D3","ASV00070","Chlorella","D3","Bacteria","Proteobacteria","Gammaproteobacteria","Burkholderiales","Comamonadaceae","Curvibacter"
"203","25point1D31","25_1D31","ASV00044","Chlorella","D31","Bacteria","Firmicutes","Bacilli","Staphylococcales","Staphylococcaceae","Staphylococcus"
"204","26_D3","26D3","ASV00301","Chlorella","D3","Bacteria","Proteobacteria","Gammaproteobacteria","Burkholderiales","Comamonadaceae","Comamonadaceae_unclassified"
"205","27_D3","27D3","ASV00006","Chlorella","D3","Bacteria","Proteobacteria","Alphaproteobacteria","Caulobacterales","Caulobacteraceae","Caulobacter"
"206","28_D3","28D3","ASV14443","Chlorella","D3","Bacteria","Proteobacteria","Gammaproteobacteria","Burkholderiales","Comamonadaceae","Comamonadaceae_unclassified"
"207","29_D3","29D3","ASV00001","Chlorella","D3","Bacteria","Proteobacteria","Alphaproteobacteria","Rhizobiales","Rhizobiaceae","Allorhizobium-Neorhizobium-Pararhizobium-Rhizobium"
"208","2_D3","2D3","ASV00021","Chlorella","D3","Bacteria","Proteobacteria","Gammaproteobacteria","Burkholderiales","Chromobacteriaceae","Vogesella"
"209","30_D3","30D3","ASV00026","Chlorella","D3","Bacteria","Bacteroidota","Bacteroidia","Flavobacteriales","Flavobacteriaceae","Flavobacterium"
"210","31_D3","31D3","ASV00037","Chlorella","D3","Bacteria","Proteobacteria","Gammaproteobacteria","Enterobacterales","Alteromonadaceae","Rheinheimera"
"211","33_D3","33D3","ASV00002","Chlorella","D3","Bacteria","Proteobacteria","Gammaproteobacteria","Burkholderiales","Comamonadaceae","Comamonadaceae_unclassified"
"212","34_D3","34D3","ASV00002","Chlorella","D3","Bacteria","Proteobacteria","Gammaproteobacteria","Burkholderiales","Comamonadaceae","Comamonadaceae_unclassified"
"213","34point1D3","34_1D3","ASV00002","Chlorella","D3","Bacteria","Proteobacteria","Gammaproteobacteria","Burkholderiales","Comamonadaceae","Comamonadaceae_unclassified"
"214","35D3","35D3","ASV00002","Chlorella","D3","Bacteria","Proteobacteria","Gammaproteobacteria","Burkholderiales","Comamonadaceae","Comamonadaceae_unclassified"
"215","35D31","35D31","ASV00008","Coelastrum","D31","Bacteria","Proteobacteria","Gammaproteobacteria","Burkholderiales","Comamonadaceae","Hydrogenophaga"
"216","36D3","36D3","ASV00002","Chlorella","D3","Bacteria","Proteobacteria","Gammaproteobacteria","Burkholderiales","Comamonadaceae","Comamonadaceae_unclassified"
"217","37D31","37D31","ASV00006","Coelastrum","D31","Bacteria","Proteobacteria","Alphaproteobacteria","Caulobacterales","Caulobacteraceae","Caulobacter"
"218","38_D3","38D3","ASV00015","Chlorella","D3","Bacteria","Proteobacteria","Gammaproteobacteria","Burkholderiales","Chromobacteriaceae","Vogesella"
"219","39D3","39D3","ASV00002","Chlorella","D3","Bacteria","Proteobacteria","Gammaproteobacteria","Burkholderiales","Comamonadaceae","Comamonadaceae_unclassified"
"220","3D31","3D31","ASV00008","Chlorella","D31","Bacteria","Proteobacteria","Gammaproteobacteria","Burkholderiales","Comamonadaceae","Hydrogenophaga"
"221","3_D3","3D3","ASV00046","Chlorella","D3","Bacteria","Proteobacteria","Alphaproteobacteria","Azospirillales","Azospirillaceae","Niveispirillum"
"222","40D31","40D31","ASV00062","Coelastrum","D31","Bacteria","Proteobacteria","Alphaproteobacteria","Caulobacterales","Caulobacteraceae","Brevundimonas"
"223","40_D3","40D3","ASV14444","Chlorella","D3","Bacteria","Proteobacteria","Alphaproteobacteria","Alphaproteobacteria_unclassified","Alphaproteobacteria_unclassified","Alphaproteobacteria_unclassified"
"224","40point1D31","40_1D31","ASV00006","Coelastrum","D31","Bacteria","Proteobacteria","Alphaproteobacteria","Caulobacterales","Caulobacteraceae","Caulobacter"
"225","42D3","42D3","ASV00027","Chlorella","D3","Bacteria","Proteobacteria","Gammaproteobacteria","Burkholderiales","Comamonadaceae","Acidovorax"
"226","42D31","42D31","ASV00001","Coelastrum","D31","Bacteria","Proteobacteria","Alphaproteobacteria","Rhizobiales","Rhizobiaceae","Allorhizobium-Neorhizobium-Pararhizobium-Rhizobium"
"227","43D31","43D31","ASV00028","Coelastrum","D31","Bacteria","Proteobacteria","Alphaproteobacteria","Caulobacterales","Caulobacteraceae","Brevundimonas"
"228","43point1_D3","431_D3","ASV14445","Chlorella","D3","Bacteria","Proteobacteria","Gammaproteobacteria","Burkholderiales","Comamonadaceae","Comamonadaceae_unclassified"
"229","43point2_D3","432_D3","ASV00002","Chlorella","D3","Bacteria","Proteobacteria","Gammaproteobacteria","Burkholderiales","Comamonadaceae","Comamonadaceae_unclassified"
"230","44D31","44D31","ASV00071","Coelastrum","D31","Bacteria","Proteobacteria","Alphaproteobacteria","Rhizobiales","Rhizobiales_Incertae_Sedis","Phreatobacter"
"231","44_D3","44D3","ASV00002","Chlorella","D3","Bacteria","Proteobacteria","Gammaproteobacteria","Burkholderiales","Comamonadaceae","Comamonadaceae_unclassified"
"232","45D31","45D31","ASV00014","Coelastrum","D31","Bacteria","Proteobacteria","Alphaproteobacteria","Caulobacterales","Caulobacteraceae","uncultured"
"233","45_D3","45D3","ASV00002","Chlorella","D3","Bacteria","Proteobacteria","Gammaproteobacteria","Burkholderiales","Comamonadaceae","Comamonadaceae_unclassified"
"234","45point1D31","45_1D31","ASV00001","Coelastrum","D31","Bacteria","Proteobacteria","Alphaproteobacteria","Rhizobiales","Rhizobiaceae","Allorhizobium-Neorhizobium-Pararhizobium-Rhizobium"
"235","45point2D31","45_2D31","ASV00001","Coelastrum","D31","Bacteria","Proteobacteria","Alphaproteobacteria","Rhizobiales","Rhizobiaceae","Allorhizobium-Neorhizobium-Pararhizobium-Rhizobium"
"236","46D3","46D3","ASV00003","Chlorella","D3","Bacteria","Proteobacteria","Alphaproteobacteria","Rhizobiales","Rhizobiaceae","Allorhizobium-Neorhizobium-Pararhizobium-Rhizobium"
"237","47_D3","47D3","ASV00005","Coelastrum","D3","Bacteria","Proteobacteria","Gammaproteobacteria","Pseudomonadales","Pseudomonadaceae","Pseudomonas"
"238","47_DF","47D31","ASV00001","Coelastrum","D31","Bacteria","Proteobacteria","Alphaproteobacteria","Rhizobiales","Rhizobiaceae","Allorhizobium-Neorhizobium-Pararhizobium-Rhizobium"
"239","49D31","49D31","ASV00001","Coelastrum","D31","Bacteria","Proteobacteria","Alphaproteobacteria","Rhizobiales","Rhizobiaceae","Allorhizobium-Neorhizobium-Pararhizobium-Rhizobium"
"240","49_D3","49D3","ASV00185","Coelastrum","D3","Bacteria","Proteobacteria","Gammaproteobacteria","Burkholderiales","Comamonadaceae","Rhodoferax"
"241","4_D3","4D3","ASV00015","Chlorella","D3","Bacteria","Proteobacteria","Gammaproteobacteria","Burkholderiales","Chromobacteriaceae","Vogesella"
"242","4_DF","4D31","ASV14501","Chlorella","D31","Bacteria","Proteobacteria","Alphaproteobacteria","Acetobacterales","Acetobacteraceae","Roseomonas"
"243","4point1D3","4_1D3","ASV00031","Chlorella","D3","Bacteria","Proteobacteria","Gammaproteobacteria","Burkholderiales","Comamonadaceae","Ramlibacter"
"244","4point1D31","4_1D31","ASV00010","Chlorella","D31","Bacteria","Proteobacteria","Alphaproteobacteria","Sphingomonadales","Sphingomonadaceae","Porphyrobacter"
"245","51D31","51D31","ASV00001","Coelastrum","D31","Bacteria","Proteobacteria","Alphaproteobacteria","Rhizobiales","Rhizobiaceae","Allorhizobium-Neorhizobium-Pararhizobium-Rhizobium"
"246","52D31","52D31","ASV00001","Coelastrum","D31","Bacteria","Proteobacteria","Alphaproteobacteria","Rhizobiales","Rhizobiaceae","Allorhizobium-Neorhizobium-Pararhizobium-Rhizobium"
"247","52_D3","52D3","ASV00015","Coelastrum","D3","Bacteria","Proteobacteria","Gammaproteobacteria","Burkholderiales","Chromobacteriaceae","Vogesella"
"248","52point2D31","52_2D31","ASV00009","Coelastrum","D31","Bacteria","Proteobacteria","Alphaproteobacteria","Rhizobiales","Rhizobiaceae","Rhizobiaceae_unclassified"
"249","53D3","53D3","ASV00006","Coelastrum","D3","Bacteria","Proteobacteria","Alphaproteobacteria","Caulobacterales","Caulobacteraceae","Caulobacter"
"250","53D31","53D31","ASV00001","Coelastrum","D31","Bacteria","Proteobacteria","Alphaproteobacteria","Rhizobiales","Rhizobiaceae","Allorhizobium-Neorhizobium-Pararhizobium-Rhizobium"
"251","54_D3","54D3","ASV00026","Coelastrum","D3","Bacteria","Bacteroidota","Bacteroidia","Flavobacteriales","Flavobacteriaceae","Flavobacterium"
"252","54_DF","54D31","ASV00003","Coelastrum","D31","Bacteria","Proteobacteria","Alphaproteobacteria","Rhizobiales","Rhizobiaceae","Allorhizobium-Neorhizobium-Pararhizobium-Rhizobium"
"253","54point1D3","54_1D3","ASV00004","Coelastrum","D3","Bacteria","Proteobacteria","Gammaproteobacteria","Pseudomonadales","Pseudomonadaceae","Pseudomonas"
"254","55_DF","55D31","ASV00001","Coelastrum","D31","Bacteria","Proteobacteria","Alphaproteobacteria","Rhizobiales","Rhizobiaceae","Allorhizobium-Neorhizobium-Pararhizobium-Rhizobium"
"255","56D3","56D3","ASV00015","Coelastrum","D3","Bacteria","Proteobacteria","Gammaproteobacteria","Burkholderiales","Chromobacteriaceae","Vogesella"
"256","56_DF","56D31","ASV00001","Coelastrum","D31","Bacteria","Proteobacteria","Alphaproteobacteria","Rhizobiales","Rhizobiaceae","Allorhizobium-Neorhizobium-Pararhizobium-Rhizobium"
"257","57D3","57D3","ASV00084","Coelastrum","D3","Bacteria","Bacteroidota","Bacteroidia","Flavobacteriales","Flavobacteriaceae","Flavobacterium"
"258","57D31","57D31","ASV00018","Coelastrum","D31","Bacteria","Proteobacteria","Alphaproteobacteria","Sphingomonadales","Sphingomonadaceae","Blastomonas"
"259","58_DF","58D31","ASV00001","Coelastrum","D31","Bacteria","Proteobacteria","Alphaproteobacteria","Rhizobiales","Rhizobiaceae","Allorhizobium-Neorhizobium-Pararhizobium-Rhizobium"
"260","58point1_D3","581_D3","ASV00002","Coelastrum","D3","Bacteria","Proteobacteria","Gammaproteobacteria","Burkholderiales","Comamonadaceae","Comamonadaceae_unclassified"
"261","58point2D3","58_2D3","ASV00002","Coelastrum","D3","Bacteria","Proteobacteria","Gammaproteobacteria","Burkholderiales","Comamonadaceae","Comamonadaceae_unclassified"
"262","58point2D31","58_2D31","ASV00002","Coelastrum","D31","Bacteria","Proteobacteria","Gammaproteobacteria","Burkholderiales","Comamonadaceae","Comamonadaceae_unclassified"
"263","58point2_D3","582_D3","ASV00002","Coelastrum","D3","Bacteria","Proteobacteria","Gammaproteobacteria","Burkholderiales","Comamonadaceae","Comamonadaceae_unclassified"
"264","59_D3","59D3","ASV00013","Coelastrum","D3","Bacteria","Proteobacteria","Gammaproteobacteria","Burkholderiales","Burkholderiaceae","Burkholderiaceae_unclassified"
"265","59_DF","59D31","ASV00001","Coelastrum","D31","Bacteria","Proteobacteria","Alphaproteobacteria","Rhizobiales","Rhizobiaceae","Allorhizobium-Neorhizobium-Pararhizobium-Rhizobium"
"266","5_D3","5D3","ASV00088","Chlorella","D3","Bacteria","Proteobacteria","Gammaproteobacteria","Pseudomonadales","Pseudomonadaceae","Pseudomonas"
"267","60_DF","60D31","ASV00018","Coelastrum","D31","Bacteria","Proteobacteria","Alphaproteobacteria","Sphingomonadales","Sphingomonadaceae","Blastomonas"
"268","60point1D31","60_1D31","ASV00018","Coelastrum","D31","Bacteria","Proteobacteria","Alphaproteobacteria","Sphingomonadales","Sphingomonadaceae","Blastomonas"
"269","61_D3","61D3","ASV00556","Coelastrum","D3","Bacteria","Proteobacteria","Alphaproteobacteria","Caulobacterales","Caulobacteraceae","Asticcacaulis"
"270","61_DF","61D31","ASV00194","Coelastrum","D31","Bacteria","Proteobacteria","Alphaproteobacteria","Rhizobiales","Devosiaceae","Devosiaceae_unclassified"
"271","62_D3","62D3","ASV16781","Coelastrum","D3","Bacteria","Proteobacteria","Gammaproteobacteria","Burkholderiales","Comamonadaceae","Comamonadaceae_unclassified"
"272","62point1D3","62_1D3","ASV00027","Coelastrum","D3","Bacteria","Proteobacteria","Gammaproteobacteria","Burkholderiales","Comamonadaceae","Acidovorax"
"273","62point1_DF","621_D31","ASV00010","Coelastrum","D31","Bacteria","Proteobacteria","Alphaproteobacteria","Sphingomonadales","Sphingomonadaceae","Porphyrobacter"
"274","63_D3","63D3","ASV14504","Coelastrum","D3","Bacteria","Proteobacteria","Alphaproteobacteria","Rhizobiales","Rhizobiales_unclassified","Rhizobiales_unclassified"
"275","63_DF","63D31","ASV00012","Coelastrum","D31","Bacteria","Proteobacteria","Gammaproteobacteria","Burkholderiales","Comamonadaceae","Hydrogenophaga"
"276","64_DF","64D31","ASV00003","Scenedesmus","D31","Bacteria","Proteobacteria","Alphaproteobacteria","Rhizobiales","Rhizobiaceae","Allorhizobium-Neorhizobium-Pararhizobium-Rhizobium"
"277","65D3","65D3","ASV00003","Coelastrum","D3","Bacteria","Proteobacteria","Alphaproteobacteria","Rhizobiales","Rhizobiaceae","Allorhizobium-Neorhizobium-Pararhizobium-Rhizobium"
"278","65D31","65D31","ASV00003","Scenedesmus","D31","Bacteria","Proteobacteria","Alphaproteobacteria","Rhizobiales","Rhizobiaceae","Allorhizobium-Neorhizobium-Pararhizobium-Rhizobium"
"279","65point1D3","65_1D3","ASV00026","Coelastrum","D3","Bacteria","Bacteroidota","Bacteroidia","Flavobacteriales","Flavobacteriaceae","Flavobacterium"
"280","66D3","66D3","ASV00026","Coelastrum","D3","Bacteria","Bacteroidota","Bacteroidia","Flavobacteriales","Flavobacteriaceae","Flavobacterium"
"281","66D31","66D31","ASV00009","Scenedesmus","D31","Bacteria","Proteobacteria","Alphaproteobacteria","Rhizobiales","Rhizobiaceae","Rhizobiaceae_unclassified"
"282","67_D3","67D3","ASV00003","Coelastrum","D3","Bacteria","Proteobacteria","Alphaproteobacteria","Rhizobiales","Rhizobiaceae","Allorhizobium-Neorhizobium-Pararhizobium-Rhizobium"
"283","67_DF","67D31","ASV00018","Scenedesmus","D31","Bacteria","Proteobacteria","Alphaproteobacteria","Sphingomonadales","Sphingomonadaceae","Blastomonas"
"284","68_D3","68D3","ASV00003","Coelastrum","D3","Bacteria","Proteobacteria","Alphaproteobacteria","Rhizobiales","Rhizobiaceae","Allorhizobium-Neorhizobium-Pararhizobium-Rhizobium"
"285","68_DF","68D31","ASV00139","Scenedesmus","D31","Bacteria","Proteobacteria","Alphaproteobacteria","Rhizobiales","Rhizobiales_Incertae_Sedis","Phreatobacter"
"286","69D3","69D3","ASV00005","Coelastrum","D3","Bacteria","Proteobacteria","Gammaproteobacteria","Pseudomonadales","Pseudomonadaceae","Pseudomonas"
"287","69_DF","69D31","ASV00018","Scenedesmus","D31","Bacteria","Proteobacteria","Alphaproteobacteria","Sphingomonadales","Sphingomonadaceae","Blastomonas"
"288","6_D3","6D3","ASV00002","Chlorella","D3","Bacteria","Proteobacteria","Gammaproteobacteria","Burkholderiales","Comamonadaceae","Comamonadaceae_unclassified"
"289","70D31","70D31","ASV00004","Scenedesmus","D31","Bacteria","Proteobacteria","Gammaproteobacteria","Pseudomonadales","Pseudomonadaceae","Pseudomonas"
"290","71D31","71D31","ASV00004","Scenedesmus","D31","Bacteria","Proteobacteria","Gammaproteobacteria","Pseudomonadales","Pseudomonadaceae","Pseudomonas"
"291","72_D3","72D3","ASV00013","Coelastrum","D3","Bacteria","Proteobacteria","Gammaproteobacteria","Burkholderiales","Burkholderiaceae","Burkholderiaceae_unclassified"
"292","72_DF","72D31","ASV00001","Scenedesmus","D31","Bacteria","Proteobacteria","Alphaproteobacteria","Rhizobiales","Rhizobiaceae","Allorhizobium-Neorhizobium-Pararhizobium-Rhizobium"
"293","73D31","73D31","ASV00004","Scenedesmus","D31","Bacteria","Proteobacteria","Gammaproteobacteria","Pseudomonadales","Pseudomonadaceae","Pseudomonas"
"294","74_DF","74D31","ASV00012","Scenedesmus","D31","Bacteria","Proteobacteria","Gammaproteobacteria","Burkholderiales","Comamonadaceae","Hydrogenophaga"
"295","75D31","75D31","ASV00012","Scenedesmus","D31","Bacteria","Proteobacteria","Gammaproteobacteria","Burkholderiales","Comamonadaceae","Hydrogenophaga"
"296","75_D3","75D3","ASV00056","Coelastrum","D3","Bacteria","Proteobacteria","Gammaproteobacteria","Burkholderiales","Comamonadaceae","Comamonadaceae_unclassified"
"297","76D31","76D31","ASV00014","Scenedesmus","D31","Bacteria","Proteobacteria","Alphaproteobacteria","Caulobacterales","Caulobacteraceae","uncultured"
"298","77D3","77D3","ASV00002","Coelastrum","D3","Bacteria","Proteobacteria","Gammaproteobacteria","Burkholderiales","Comamonadaceae","Comamonadaceae_unclassified"
"299","77D31","77D31","ASV00001","Scenedesmus","D31","Bacteria","Proteobacteria","Alphaproteobacteria","Rhizobiales","Rhizobiaceae","Allorhizobium-Neorhizobium-Pararhizobium-Rhizobium"
"300","78D31","78D31","ASV00018","Scenedesmus","D31","Bacteria","Proteobacteria","Alphaproteobacteria","Sphingomonadales","Sphingomonadaceae","Blastomonas"
"301","78_D3","78D3","ASV00015","Coelastrum","D3","Bacteria","Proteobacteria","Gammaproteobacteria","Burkholderiales","Chromobacteriaceae","Vogesella"
"302","79D31","79D31","ASV00019","Scenedesmus","D31","Bacteria","Proteobacteria","Alphaproteobacteria","Acetobacterales","Acetobacteraceae","Roseomonas"
"303","79point1D31","79_1D31","ASV00012","Scenedesmus","D31","Bacteria","Proteobacteria","Gammaproteobacteria","Burkholderiales","Comamonadaceae","Hydrogenophaga"
"304","7_D3","7D3","ASV00031","Chlorella","D3","Bacteria","Proteobacteria","Gammaproteobacteria","Burkholderiales","Comamonadaceae","Ramlibacter"
"305","80D31","80D31","ASV00004","Scenedesmus","D31","Bacteria","Proteobacteria","Gammaproteobacteria","Pseudomonadales","Pseudomonadaceae","Pseudomonas"
"306","81D31","81D31","ASV00004","Scenedesmus","D31","Bacteria","Proteobacteria","Gammaproteobacteria","Pseudomonadales","Pseudomonadaceae","Pseudomonas"
"307","82D31","82D31","ASV00010","Scenedesmus","D31","Bacteria","Proteobacteria","Alphaproteobacteria","Sphingomonadales","Sphingomonadaceae","Porphyrobacter"
"308","82_D3","82D3","ASV00056","Coelastrum","D3","Bacteria","Proteobacteria","Gammaproteobacteria","Burkholderiales","Comamonadaceae","Comamonadaceae_unclassified"
"309","83D3","83D3","ASV00015","Coelastrum","D3","Bacteria","Proteobacteria","Gammaproteobacteria","Burkholderiales","Chromobacteriaceae","Vogesella"
"310","83D31","83D31","ASV00006","Scenedesmus","D31","Bacteria","Proteobacteria","Alphaproteobacteria","Caulobacterales","Caulobacteraceae","Caulobacter"
"311","84D31","84D31","ASV00001","Scenedesmus","D31","Bacteria","Proteobacteria","Alphaproteobacteria","Rhizobiales","Rhizobiaceae","Allorhizobium-Neorhizobium-Pararhizobium-Rhizobium"
"312","84_D3","84D3","ASV00005","Coelastrum","D3","Bacteria","Proteobacteria","Gammaproteobacteria","Pseudomonadales","Pseudomonadaceae","Pseudomonas"
"313","85D31","85D31","ASV00018","Scenedesmus","D31","Bacteria","Proteobacteria","Alphaproteobacteria","Sphingomonadales","Sphingomonadaceae","Blastomonas"
"314","85_D3","85D3","ASV00002","Coelastrum","D3","Bacteria","Proteobacteria","Gammaproteobacteria","Burkholderiales","Comamonadaceae","Comamonadaceae_unclassified"
"315","86D3","86D3","ASV00043","Coelastrum","D3","Bacteria","Proteobacteria","Gammaproteobacteria","Burkholderiales","Comamonadaceae","Comamonadaceae_unclassified"
"316","86D31","86D31","ASV00003","Scenedesmus","D31","Bacteria","Proteobacteria","Alphaproteobacteria","Rhizobiales","Rhizobiaceae","Allorhizobium-Neorhizobium-Pararhizobium-Rhizobium"
"317","87_D3","87D3","ASV00015","Scenedesmus","D3","Bacteria","Proteobacteria","Gammaproteobacteria","Burkholderiales","Chromobacteriaceae","Vogesella"
"318","88D3","88D3","ASV00061","Scenedesmus","D3","Bacteria","Proteobacteria","Gammaproteobacteria","Pseudomonadales","Pseudomonadaceae","Pseudomonas"
"319","88D31","88D31","ASV00004","Scenedesmus","D31","Bacteria","Proteobacteria","Gammaproteobacteria","Pseudomonadales","Pseudomonadaceae","Pseudomonas"
"320","89D31","89D31","ASV00001","Scenedesmus","D31","Bacteria","Proteobacteria","Alphaproteobacteria","Rhizobiales","Rhizobiaceae","Allorhizobium-Neorhizobium-Pararhizobium-Rhizobium"
"321","8_D3","8D3","ASV00098","Chlorella","D3","Bacteria","Proteobacteria","Gammaproteobacteria","Burkholderiales","Comamonadaceae","Comamonadaceae_unclassified"
"322","90D31","90D31","ASV00006","Scenedesmus","D31","Bacteria","Proteobacteria","Alphaproteobacteria","Caulobacterales","Caulobacteraceae","Caulobacter"
"323","91D31","91D31","ASV00004","Scenedesmus","D31","Bacteria","Proteobacteria","Gammaproteobacteria","Pseudomonadales","Pseudomonadaceae","Pseudomonas"
"324","91_D3","91D3","ASV00013","Scenedesmus","D3","Bacteria","Proteobacteria","Gammaproteobacteria","Burkholderiales","Burkholderiaceae","Burkholderiaceae_unclassified"
"325","92D31","92D31","ASV00001","Scenedesmus","D31","Bacteria","Proteobacteria","Alphaproteobacteria","Rhizobiales","Rhizobiaceae","Allorhizobium-Neorhizobium-Pararhizobium-Rhizobium"
"326","93D3","93D3","ASV00005","Scenedesmus","D3","Bacteria","Proteobacteria","Gammaproteobacteria","Pseudomonadales","Pseudomonadaceae","Pseudomonas"
"327","93D31","93D31","ASV00004","Scenedesmus","D31","Bacteria","Proteobacteria","Gammaproteobacteria","Pseudomonadales","Pseudomonadaceae","Pseudomonas"
"328","94D31","94D31","ASV00003","Monoraphidium","D31","Bacteria","Proteobacteria","Alphaproteobacteria","Rhizobiales","Rhizobiaceae","Allorhizobium-Neorhizobium-Pararhizobium-Rhizobium"
"329","95D31","95D31","ASV00010","Monoraphidium","D31","Bacteria","Proteobacteria","Alphaproteobacteria","Sphingomonadales","Sphingomonadaceae","Porphyrobacter"
"330","96D31","96D31","ASV00029","Monoraphidium","D31","Bacteria","Proteobacteria","Alphaproteobacteria","Acetobacterales","Acetobacteraceae","Roseomonas"
"331","97D31","97D31","ASV00004","Monoraphidium","D31","Bacteria","Proteobacteria","Gammaproteobacteria","Pseudomonadales","Pseudomonadaceae","Pseudomonas"
"332","98D31","98D31","ASV00058","Monoraphidium","D31","Bacteria","Proteobacteria","Gammaproteobacteria","Xanthomonadales","Xanthomonadaceae","Luteimonas"
"333","98_D3","98D3","ASV14513","Scenedesmus","D3","Bacteria","Proteobacteria","Alphaproteobacteria","Azospirillales","Azospirillaceae","Niveispirillum"
"334","99D3","99D3","ASV00003","Scenedesmus","D3","Bacteria","Proteobacteria","Alphaproteobacteria","Rhizobiales","Rhizobiaceae","Allorhizobium-Neorhizobium-Pararhizobium-Rhizobium"
"335","99D31","99D31","ASV00012","Monoraphidium","D31","Bacteria","Proteobacteria","Gammaproteobacteria","Burkholderiales","Comamonadaceae","Hydrogenophaga"
"336","9D3","9D3","ASV00031","Chlorella","D3","Bacteria","Proteobacteria","Gammaproteobacteria","Burkholderiales","Comamonadaceae","Ramlibacter"
"337","9D31","9D31","ASV00001","Chlorella","D31","Bacteria","Proteobacteria","Alphaproteobacteria","Rhizobiales","Rhizobiaceae","Allorhizobium-Neorhizobium-Pararhizobium-Rhizobium"
"338","9point2D31","9_2D31","ASV00064","Chlorella","D31","Bacteria","Firmicutes","Bacilli","Staphylococcales","Staphylococcaceae","Staphylococcus"
"339","S10OMO","10OMO_D31","ASV00063","Chlorella","D31","Bacteria","Bacteroidota","Bacteroidia","Cytophagales","Spirosomaceae","Emticicia"
"340","S10P","10P_D31","ASV00008","Chlorella","D31","Bacteria","Proteobacteria","Gammaproteobacteria","Burkholderiales","Comamonadaceae","Hydrogenophaga"
"341","S11","11_D31","ASV00066","Chlorella","D31","Bacteria","Proteobacteria","Alphaproteobacteria","Rhizobiales","Beijerinckiaceae","Bosea"
"342","S12","12_D31","ASV00001","Chlorella","D31","Bacteria","Proteobacteria","Alphaproteobacteria","Rhizobiales","Rhizobiaceae","Allorhizobium-Neorhizobium-Pararhizobium-Rhizobium"
"343","S13","13_D31","ASV00014","Chlorella","D31","Bacteria","Proteobacteria","Alphaproteobacteria","Caulobacterales","Caulobacteraceae","uncultured"
"344","S17A","17A_D31","ASV00001","Chlorella","D31","Bacteria","Proteobacteria","Alphaproteobacteria","Rhizobiales","Rhizobiaceae","Allorhizobium-Neorhizobium-Pararhizobium-Rhizobium"
"345","S17B","17B_D31","ASV00016","Chlorella","D31","Bacteria","Proteobacteria","Alphaproteobacteria","Rhizobiales","Rhizobiaceae","Allorhizobium-Neorhizobium-Pararhizobium-Rhizobium"
"346","S18","18_D31","ASV00019","Chlorella","D31","Bacteria","Proteobacteria","Alphaproteobacteria","Acetobacterales","Acetobacteraceae","Roseomonas"
"347","S19AB","19AB_D31","ASV00019","Chlorella","D31","Bacteria","Proteobacteria","Alphaproteobacteria","Acetobacterales","Acetobacteraceae","Roseomonas"
"348","S2","2_D31","ASV00008","Chlorella","D31","Bacteria","Proteobacteria","Gammaproteobacteria","Burkholderiales","Comamonadaceae","Hydrogenophaga"
"349","S21","21_D31","ASV00001","Chlorella","D31","Bacteria","Proteobacteria","Alphaproteobacteria","Rhizobiales","Rhizobiaceae","Allorhizobium-Neorhizobium-Pararhizobium-Rhizobium"
"350","S22","22_D31","ASV00001","Chlorella","D31","Bacteria","Proteobacteria","Alphaproteobacteria","Rhizobiales","Rhizobiaceae","Allorhizobium-Neorhizobium-Pararhizobium-Rhizobium"
"351","S23P","23P_D31","ASV00019","Chlorella","D31","Bacteria","Proteobacteria","Alphaproteobacteria","Acetobacterales","Acetobacteraceae","Roseomonas"
"352","S24","24_D31","ASV00018","Chlorella","D31","Bacteria","Proteobacteria","Alphaproteobacteria","Sphingomonadales","Sphingomonadaceae","Blastomonas"
"353","S26","26_D31","ASV00028","Chlorella","D31","Bacteria","Proteobacteria","Alphaproteobacteria","Caulobacterales","Caulobacteraceae","Brevundimonas"
"354","S27","27_D31","ASV00009","Chlorella","D31","Bacteria","Proteobacteria","Alphaproteobacteria","Rhizobiales","Rhizobiaceae","Rhizobiaceae_unclassified"
"355","S28","28_D31","ASV00003","Chlorella","D31","Bacteria","Proteobacteria","Alphaproteobacteria","Rhizobiales","Rhizobiaceae","Allorhizobium-Neorhizobium-Pararhizobium-Rhizobium"
"356","S29","29_D31","ASV00060","Chlorella","D31","Bacteria","Proteobacteria","Alphaproteobacteria","Rhizobiales","Rhizobiaceae","Rhizobiaceae_unclassified"
"357","S30W","30W_D31","ASV00001","Chlorella","D31","Bacteria","Proteobacteria","Alphaproteobacteria","Rhizobiales","Rhizobiaceae","Allorhizobium-Neorhizobium-Pararhizobium-Rhizobium"
"358","S31","31_D31","ASV00008","Chlorella","D31","Bacteria","Proteobacteria","Gammaproteobacteria","Burkholderiales","Comamonadaceae","Hydrogenophaga"
"359","S32AB","32AB_D31","ASV00008","Chlorella","D31","Bacteria","Proteobacteria","Gammaproteobacteria","Burkholderiales","Comamonadaceae","Hydrogenophaga"
"360","S33","33_D31","ASV00003","Chlorella","D31","Bacteria","Proteobacteria","Alphaproteobacteria","Rhizobiales","Rhizobiaceae","Allorhizobium-Neorhizobium-Pararhizobium-Rhizobium"
"361","S33PW","33PW_D31","ASV00003","Chlorella","D31","Bacteria","Proteobacteria","Alphaproteobacteria","Rhizobiales","Rhizobiaceae","Allorhizobium-Neorhizobium-Pararhizobium-Rhizobium"
"362","S34","34_D31","ASV00010","Chlorella","D31","Bacteria","Proteobacteria","Alphaproteobacteria","Sphingomonadales","Sphingomonadaceae","Porphyrobacter"
"363","S4","4_D31","ASV00019","Chlorella","D31","Bacteria","Proteobacteria","Alphaproteobacteria","Acetobacterales","Acetobacteraceae","Roseomonas"
"364","S5","5_D31","ASV00009","Chlorella","D31","Bacteria","Proteobacteria","Alphaproteobacteria","Rhizobiales","Rhizobiaceae","Rhizobiaceae_unclassified"
"365","S6","6_D31","ASV00028","Chlorella","D31","Bacteria","Proteobacteria","Alphaproteobacteria","Caulobacterales","Caulobacteraceae","Brevundimonas"
"366","S7","7_D31","ASV00052","Chlorella","D31","Bacteria","Actinobacteriota","Actinobacteria","Micrococcales","Micrococcaceae","Micrococcus"
"367","S8","8_D31","ASV00010","Chlorella","D31","Bacteria","Proteobacteria","Alphaproteobacteria","Sphingomonadales","Sphingomonadaceae","Porphyrobacter"
"368","S9RO","9RO_D31","ASV00010","Chlorella","D31","Bacteria","Proteobacteria","Alphaproteobacteria","Sphingomonadales","Sphingomonadaceae","Porphyrobacter"
